-- MySQL dump 10.13  Distrib 5.1.67, for redhat-linux-gnu (x86_64)
--
-- Host: localhost    Database: journal
-- ------------------------------------------------------
-- Server version	5.1.67

/*!40101 SET @OLD_CHARACTER_SET_CLIENT=@@CHARACTER_SET_CLIENT */;
/*!40101 SET @OLD_CHARACTER_SET_RESULTS=@@CHARACTER_SET_RESULTS */;
/*!40101 SET @OLD_COLLATION_CONNECTION=@@COLLATION_CONNECTION */;
/*!40101 SET NAMES utf8 */;
/*!40103 SET @OLD_TIME_ZONE=@@TIME_ZONE */;
/*!40103 SET TIME_ZONE='+00:00' */;
/*!40014 SET @OLD_UNIQUE_CHECKS=@@UNIQUE_CHECKS, UNIQUE_CHECKS=0 */;
/*!40014 SET @OLD_FOREIGN_KEY_CHECKS=@@FOREIGN_KEY_CHECKS, FOREIGN_KEY_CHECKS=0 */;
/*!40101 SET @OLD_SQL_MODE=@@SQL_MODE, SQL_MODE='NO_AUTO_VALUE_ON_ZERO' */;
/*!40111 SET @OLD_SQL_NOTES=@@SQL_NOTES, SQL_NOTES=0 */;

--
-- Table structure for table `dev_1551_1_journal_cp_categories`
--

DROP TABLE IF EXISTS `dev_1551_1_journal_cp_categories`;
/*!40101 SET @saved_cs_client     = @@character_set_client */;
/*!40101 SET character_set_client = utf8 */;
CREATE TABLE `dev_1551_1_journal_cp_categories` (
  `category_name` varchar(64) COLLATE utf8_bin NOT NULL,
  `sort_order` int(11) DEFAULT NULL,
  PRIMARY KEY (`category_name`)
) ENGINE=InnoDB DEFAULT CHARSET=utf8 COLLATE=utf8_bin;
/*!40101 SET character_set_client = @saved_cs_client */;

--
-- Dumping data for table `dev_1551_1_journal_cp_categories`
--

LOCK TABLES `dev_1551_1_journal_cp_categories` WRITE;
/*!40000 ALTER TABLE `dev_1551_1_journal_cp_categories` DISABLE KEYS */;
INSERT INTO `dev_1551_1_journal_cp_categories` VALUES ('colors',2),('custom_code',5),('fonts',3),('footer',4),('general',1),('menus',1);
/*!40000 ALTER TABLE `dev_1551_1_journal_cp_categories` ENABLE KEYS */;
UNLOCK TABLES;

--
-- Table structure for table `dev_1551_1_journal_cp_fonts`
--

DROP TABLE IF EXISTS `dev_1551_1_journal_cp_fonts`;
/*!40101 SET @saved_cs_client     = @@character_set_client */;
/*!40101 SET character_set_client = utf8 */;
CREATE TABLE `dev_1551_1_journal_cp_fonts` (
  `id` int(11) NOT NULL AUTO_INCREMENT,
  `font_family` varchar(64) COLLATE utf8_bin NOT NULL,
  `font_name` varchar(64) COLLATE utf8_bin NOT NULL,
  `css_name` varchar(64) COLLATE utf8_bin DEFAULT NULL,
  `group` varchar(64) COLLATE utf8_bin NOT NULL,
  PRIMARY KEY (`id`)
) ENGINE=InnoDB AUTO_INCREMENT=639 DEFAULT CHARSET=utf8 COLLATE=utf8_bin;
/*!40101 SET character_set_client = @saved_cs_client */;

--
-- Dumping data for table `dev_1551_1_journal_cp_fonts`
--

LOCK TABLES `dev_1551_1_journal_cp_fonts` WRITE;
/*!40000 ALTER TABLE `dev_1551_1_journal_cp_fonts` DISABLE KEYS */;
INSERT INTO `dev_1551_1_journal_cp_fonts` VALUES (1,'ABeeZee','ABeeZee','ABeeZee','google'),(2,'Abel','Abel','Abel','google'),(3,'Abril Fatface','Abril Fatface','Abril+Fatface','google'),(4,'Aclonica','Aclonica','Aclonica','google'),(5,'Acme','Acme','Acme','google'),(6,'Actor','Actor','Actor','google'),(7,'Adamina','Adamina','Adamina','google'),(8,'Advent Pro','Advent Pro','Advent+Pro','google'),(9,'Aguafina Script','Aguafina Script','Aguafina+Script','google'),(10,'Akronim','Akronim','Akronim','google'),(11,'Aladin','Aladin','Aladin','google'),(12,'Aldrich','Aldrich','Aldrich','google'),(13,'Alegreya','Alegreya','Alegreya','google'),(14,'Alegreya SC','Alegreya SC','Alegreya+SC','google'),(15,'Alex Brush','Alex Brush','Alex+Brush','google'),(16,'Alfa Slab One','Alfa Slab One','Alfa+Slab+One','google'),(17,'Alice','Alice','Alice','google'),(18,'Alike','Alike','Alike','google'),(19,'Alike Angular','Alike Angular','Alike+Angular','google'),(20,'Allan','Allan','Allan','google'),(21,'Allerta','Allerta','Allerta','google'),(22,'Allerta Stencil','Allerta Stencil','Allerta+Stencil','google'),(23,'Allura','Allura','Allura','google'),(24,'Almendra','Almendra','Almendra','google'),(25,'Almendra Display','Almendra Display','Almendra+Display','google'),(26,'Almendra SC','Almendra SC','Almendra+SC','google'),(27,'Amarante','Amarante','Amarante','google'),(28,'Amaranth','Amaranth','Amaranth','google'),(29,'Amatic SC','Amatic SC','Amatic+SC','google'),(30,'Amethysta','Amethysta','Amethysta','google'),(31,'Anaheim','Anaheim','Anaheim','google'),(32,'Andada','Andada','Andada','google'),(33,'Andika','Andika','Andika','google'),(34,'Angkor','Angkor','Angkor','google'),(35,'Annie Use Your Telescope','Annie Use Your Telescope','Annie+Use+Your+Telescope','google'),(36,'Anonymous Pro','Anonymous Pro','Anonymous+Pro','google'),(37,'Antic','Antic','Antic','google'),(38,'Antic Didone','Antic Didone','Antic+Didone','google'),(39,'Antic Slab','Antic Slab','Antic+Slab','google'),(40,'Anton','Anton','Anton','google'),(41,'Arapey','Arapey','Arapey','google'),(42,'Arbutus','Arbutus','Arbutus','google'),(43,'Arbutus Slab','Arbutus Slab','Arbutus+Slab','google'),(44,'Architects Daughter','Architects Daughter','Architects+Daughter','google'),(45,'Archivo Black','Archivo Black','Archivo+Black','google'),(46,'Archivo Narrow','Archivo Narrow','Archivo+Narrow','google'),(47,'Arimo','Arimo','Arimo','google'),(48,'Arizonia','Arizonia','Arizonia','google'),(49,'Armata','Armata','Armata','google'),(50,'Artifika','Artifika','Artifika','google'),(51,'Arvo','Arvo','Arvo','google'),(52,'Asap','Asap','Asap','google'),(53,'Asset','Asset','Asset','google'),(54,'Astloch','Astloch','Astloch','google'),(55,'Asul','Asul','Asul','google'),(56,'Atomic Age','Atomic Age','Atomic+Age','google'),(57,'Aubrey','Aubrey','Aubrey','google'),(58,'Audiowide','Audiowide','Audiowide','google'),(59,'Autour One','Autour One','Autour+One','google'),(60,'Average','Average','Average','google'),(61,'Average Sans','Average Sans','Average+Sans','google'),(62,'Averia Gruesa Libre','Averia Gruesa Libre','Averia+Gruesa+Libre','google'),(63,'Averia Libre','Averia Libre','Averia+Libre','google'),(64,'Averia Sans Libre','Averia Sans Libre','Averia+Sans+Libre','google'),(65,'Averia Serif Libre','Averia Serif Libre','Averia+Serif+Libre','google'),(66,'Bad Script','Bad Script','Bad+Script','google'),(67,'Balthazar','Balthazar','Balthazar','google'),(68,'Bangers','Bangers','Bangers','google'),(69,'Basic','Basic','Basic','google'),(70,'Battambang','Battambang','Battambang','google'),(71,'Baumans','Baumans','Baumans','google'),(72,'Bayon','Bayon','Bayon','google'),(73,'Belgrano','Belgrano','Belgrano','google'),(74,'Belleza','Belleza','Belleza','google'),(75,'BenchNine','BenchNine','BenchNine','google'),(76,'Bentham','Bentham','Bentham','google'),(77,'Berkshire Swash','Berkshire Swash','Berkshire+Swash','google'),(78,'Bevan','Bevan','Bevan','google'),(79,'Bigelow Rules','Bigelow Rules','Bigelow+Rules','google'),(80,'Bigshot One','Bigshot One','Bigshot+One','google'),(81,'Bilbo','Bilbo','Bilbo','google'),(82,'Bilbo Swash Caps','Bilbo Swash Caps','Bilbo+Swash+Caps','google'),(83,'Bitter','Bitter','Bitter','google'),(84,'Black Ops One','Black Ops One','Black+Ops+One','google'),(85,'Bokor','Bokor','Bokor','google'),(86,'Bonbon','Bonbon','Bonbon','google'),(87,'Boogaloo','Boogaloo','Boogaloo','google'),(88,'Bowlby One','Bowlby One','Bowlby+One','google'),(89,'Bowlby One SC','Bowlby One SC','Bowlby+One+SC','google'),(90,'Brawler','Brawler','Brawler','google'),(91,'Bree Serif','Bree Serif','Bree+Serif','google'),(92,'Bubblegum Sans','Bubblegum Sans','Bubblegum+Sans','google'),(93,'Bubbler One','Bubbler One','Bubbler+One','google'),(94,'Buda','Buda','Buda','google'),(95,'Buenard','Buenard','Buenard','google'),(96,'Butcherman','Butcherman','Butcherman','google'),(97,'Butterfly Kids','Butterfly Kids','Butterfly+Kids','google'),(98,'Cabin','Cabin','Cabin','google'),(99,'Cabin Condensed','Cabin Condensed','Cabin+Condensed','google'),(100,'Cabin Sketch','Cabin Sketch','Cabin+Sketch','google'),(101,'Caesar Dressing','Caesar Dressing','Caesar+Dressing','google'),(102,'Cagliostro','Cagliostro','Cagliostro','google'),(103,'Calligraffitti','Calligraffitti','Calligraffitti','google'),(104,'Cambo','Cambo','Cambo','google'),(105,'Candal','Candal','Candal','google'),(106,'Cantarell','Cantarell','Cantarell','google'),(107,'Cantata One','Cantata One','Cantata+One','google'),(108,'Cantora One','Cantora One','Cantora+One','google'),(109,'Capriola','Capriola','Capriola','google'),(110,'Cardo','Cardo','Cardo','google'),(111,'Carme','Carme','Carme','google'),(112,'Carrois Gothic','Carrois Gothic','Carrois+Gothic','google'),(113,'Carrois Gothic SC','Carrois Gothic SC','Carrois+Gothic+SC','google'),(114,'Carter One','Carter One','Carter+One','google'),(115,'Caudex','Caudex','Caudex','google'),(116,'Cedarville Cursive','Cedarville Cursive','Cedarville+Cursive','google'),(117,'Ceviche One','Ceviche One','Ceviche+One','google'),(118,'Changa One','Changa One','Changa+One','google'),(119,'Chango','Chango','Chango','google'),(120,'Chau Philomene One','Chau Philomene One','Chau+Philomene+One','google'),(121,'Chela One','Chela One','Chela+One','google'),(122,'Chelsea Market','Chelsea Market','Chelsea+Market','google'),(123,'Chenla','Chenla','Chenla','google'),(124,'Cherry Cream Soda','Cherry Cream Soda','Cherry+Cream+Soda','google'),(125,'Cherry Swash','Cherry Swash','Cherry+Swash','google'),(126,'Chewy','Chewy','Chewy','google'),(127,'Chicle','Chicle','Chicle','google'),(128,'Chivo','Chivo','Chivo','google'),(129,'Cinzel','Cinzel','Cinzel','google'),(130,'Cinzel Decorative','Cinzel Decorative','Cinzel+Decorative','google'),(131,'Clicker Script','Clicker Script','Clicker+Script','google'),(132,'Coda','Coda','Coda','google'),(133,'Coda Caption','Coda Caption','Coda+Caption','google'),(134,'Codystar','Codystar','Codystar','google'),(135,'Combo','Combo','Combo','google'),(136,'Comfortaa','Comfortaa','Comfortaa','google'),(137,'Coming Soon','Coming Soon','Coming+Soon','google'),(138,'Concert One','Concert One','Concert+One','google'),(139,'Condiment','Condiment','Condiment','google'),(140,'Content','Content','Content','google'),(141,'Contrail One','Contrail One','Contrail+One','google'),(142,'Convergence','Convergence','Convergence','google'),(143,'Cookie','Cookie','Cookie','google'),(144,'Copse','Copse','Copse','google'),(145,'Corben','Corben','Corben','google'),(146,'Courgette','Courgette','Courgette','google'),(147,'Cousine','Cousine','Cousine','google'),(148,'Coustard','Coustard','Coustard','google'),(149,'Covered By Your Grace','Covered By Your Grace','Covered+By+Your+Grace','google'),(150,'Crafty Girls','Crafty Girls','Crafty+Girls','google'),(151,'Creepster','Creepster','Creepster','google'),(152,'Crete Round','Crete Round','Crete+Round','google'),(153,'Crimson Text','Crimson Text','Crimson+Text','google'),(154,'Croissant One','Croissant One','Croissant+One','google'),(155,'Crushed','Crushed','Crushed','google'),(156,'Cuprum','Cuprum','Cuprum','google'),(157,'Cutive','Cutive','Cutive','google'),(158,'Cutive Mono','Cutive Mono','Cutive+Mono','google'),(159,'Damion','Damion','Damion','google'),(160,'Dancing Script','Dancing Script','Dancing+Script','google'),(161,'Dangrek','Dangrek','Dangrek','google'),(162,'Dawning of a New Day','Dawning of a New Day','Dawning+of+a+New+Day','google'),(163,'Days One','Days One','Days+One','google'),(164,'Delius','Delius','Delius','google'),(165,'Delius Swash Caps','Delius Swash Caps','Delius+Swash+Caps','google'),(166,'Delius Unicase','Delius Unicase','Delius+Unicase','google'),(167,'Della Respira','Della Respira','Della+Respira','google'),(168,'Denk One','Denk One','Denk+One','google'),(169,'Devonshire','Devonshire','Devonshire','google'),(170,'Didact Gothic','Didact Gothic','Didact+Gothic','google'),(171,'Diplomata','Diplomata','Diplomata','google'),(172,'Diplomata SC','Diplomata SC','Diplomata+SC','google'),(173,'Domine','Domine','Domine','google'),(174,'Donegal One','Donegal One','Donegal+One','google'),(175,'Doppio One','Doppio One','Doppio+One','google'),(176,'Dorsa','Dorsa','Dorsa','google'),(177,'Dosis','Dosis','Dosis','google'),(178,'Dr Sugiyama','Dr Sugiyama','Dr+Sugiyama','google'),(179,'Droid Sans','Droid Sans','Droid+Sans','google'),(180,'Droid Sans Mono','Droid Sans Mono','Droid+Sans+Mono','google'),(181,'Droid Serif','Droid Serif','Droid+Serif','google'),(182,'Duru Sans','Duru Sans','Duru+Sans','google'),(183,'Dynalight','Dynalight','Dynalight','google'),(184,'EB Garamond','EB Garamond','EB+Garamond','google'),(185,'Eagle Lake','Eagle Lake','Eagle+Lake','google'),(186,'Eater','Eater','Eater','google'),(187,'Economica','Economica','Economica','google'),(188,'Electrolize','Electrolize','Electrolize','google'),(189,'Elsie','Elsie','Elsie','google'),(190,'Elsie Swash Caps','Elsie Swash Caps','Elsie+Swash+Caps','google'),(191,'Emblema One','Emblema One','Emblema+One','google'),(192,'Emilys Candy','Emilys Candy','Emilys+Candy','google'),(193,'Engagement','Engagement','Engagement','google'),(194,'Englebert','Englebert','Englebert','google'),(195,'Enriqueta','Enriqueta','Enriqueta','google'),(196,'Erica One','Erica One','Erica+One','google'),(197,'Esteban','Esteban','Esteban','google'),(198,'Euphoria Script','Euphoria Script','Euphoria+Script','google'),(199,'Ewert','Ewert','Ewert','google'),(200,'Exo','Exo','Exo','google'),(201,'Expletus Sans','Expletus Sans','Expletus+Sans','google'),(202,'Fanwood Text','Fanwood Text','Fanwood+Text','google'),(203,'Fascinate','Fascinate','Fascinate','google'),(204,'Fascinate Inline','Fascinate Inline','Fascinate+Inline','google'),(205,'Faster One','Faster One','Faster+One','google'),(206,'Fasthand','Fasthand','Fasthand','google'),(207,'Federant','Federant','Federant','google'),(208,'Federo','Federo','Federo','google'),(209,'Felipa','Felipa','Felipa','google'),(210,'Fenix','Fenix','Fenix','google'),(211,'Finger Paint','Finger Paint','Finger+Paint','google'),(212,'Fjalla One','Fjalla One','Fjalla+One','google'),(213,'Fjord One','Fjord One','Fjord+One','google'),(214,'Flamenco','Flamenco','Flamenco','google'),(215,'Flavors','Flavors','Flavors','google'),(216,'Fondamento','Fondamento','Fondamento','google'),(217,'Fontdiner Swanky','Fontdiner Swanky','Fontdiner+Swanky','google'),(218,'Forum','Forum','Forum','google'),(219,'Francois One','Francois One','Francois+One','google'),(220,'Freckle Face','Freckle Face','Freckle+Face','google'),(221,'Fredericka the Great','Fredericka the Great','Fredericka+the+Great','google'),(222,'Fredoka One','Fredoka One','Fredoka+One','google'),(223,'Freehand','Freehand','Freehand','google'),(224,'Fresca','Fresca','Fresca','google'),(225,'Frijole','Frijole','Frijole','google'),(226,'Fugaz One','Fugaz One','Fugaz+One','google'),(227,'GFS Didot','GFS Didot','GFS+Didot','google'),(228,'GFS Neohellenic','GFS Neohellenic','GFS+Neohellenic','google'),(229,'Gafata','Gafata','Gafata','google'),(230,'Galdeano','Galdeano','Galdeano','google'),(231,'Galindo','Galindo','Galindo','google'),(232,'Gentium Basic','Gentium Basic','Gentium+Basic','google'),(233,'Gentium Book Basic','Gentium Book Basic','Gentium+Book+Basic','google'),(234,'Geo','Geo','Geo','google'),(235,'Geostar','Geostar','Geostar','google'),(236,'Geostar Fill','Geostar Fill','Geostar+Fill','google'),(237,'Germania One','Germania One','Germania+One','google'),(238,'Gilda Display','Gilda Display','Gilda+Display','google'),(239,'Give You Glory','Give You Glory','Give+You+Glory','google'),(240,'Glass Antiqua','Glass Antiqua','Glass+Antiqua','google'),(241,'Glegoo','Glegoo','Glegoo','google'),(242,'Gloria Hallelujah','Gloria Hallelujah','Gloria+Hallelujah','google'),(243,'Goblin One','Goblin One','Goblin+One','google'),(244,'Gochi Hand','Gochi Hand','Gochi+Hand','google'),(245,'Gorditas','Gorditas','Gorditas','google'),(246,'Goudy Bookletter 1911','Goudy Bookletter 1911','Goudy+Bookletter+1911','google'),(247,'Graduate','Graduate','Graduate','google'),(248,'Grand Hotel','Grand Hotel','Grand+Hotel','google'),(249,'Gravitas One','Gravitas One','Gravitas+One','google'),(250,'Great Vibes','Great Vibes','Great+Vibes','google'),(251,'Griffy','Griffy','Griffy','google'),(252,'Gruppo','Gruppo','Gruppo','google'),(253,'Gudea','Gudea','Gudea','google'),(254,'Habibi','Habibi','Habibi','google'),(255,'Hammersmith One','Hammersmith One','Hammersmith+One','google'),(256,'Hanalei','Hanalei','Hanalei','google'),(257,'Hanalei Fill','Hanalei Fill','Hanalei+Fill','google'),(258,'Handlee','Handlee','Handlee','google'),(259,'Hanuman','Hanuman','Hanuman','google'),(260,'Happy Monkey','Happy Monkey','Happy+Monkey','google'),(261,'Headland One','Headland One','Headland+One','google'),(262,'Henny Penny','Henny Penny','Henny+Penny','google'),(263,'Herr Von Muellerhoff','Herr Von Muellerhoff','Herr+Von+Muellerhoff','google'),(264,'Holtwood One SC','Holtwood One SC','Holtwood+One+SC','google'),(265,'Homemade Apple','Homemade Apple','Homemade+Apple','google'),(266,'Homenaje','Homenaje','Homenaje','google'),(267,'IM Fell DW Pica','IM Fell DW Pica','IM+Fell+DW+Pica','google'),(268,'IM Fell DW Pica SC','IM Fell DW Pica SC','IM+Fell+DW+Pica+SC','google'),(269,'IM Fell Double Pica','IM Fell Double Pica','IM+Fell+Double+Pica','google'),(270,'IM Fell Double Pica SC','IM Fell Double Pica SC','IM+Fell+Double+Pica+SC','google'),(271,'IM Fell English','IM Fell English','IM+Fell+English','google'),(272,'IM Fell English SC','IM Fell English SC','IM+Fell+English+SC','google'),(273,'IM Fell French Canon','IM Fell French Canon','IM+Fell+French+Canon','google'),(274,'IM Fell French Canon SC','IM Fell French Canon SC','IM+Fell+French+Canon+SC','google'),(275,'IM Fell Great Primer','IM Fell Great Primer','IM+Fell+Great+Primer','google'),(276,'IM Fell Great Primer SC','IM Fell Great Primer SC','IM+Fell+Great+Primer+SC','google'),(277,'Iceberg','Iceberg','Iceberg','google'),(278,'Iceland','Iceland','Iceland','google'),(279,'Imprima','Imprima','Imprima','google'),(280,'Inconsolata','Inconsolata','Inconsolata','google'),(281,'Inder','Inder','Inder','google'),(282,'Indie Flower','Indie Flower','Indie+Flower','google'),(283,'Inika','Inika','Inika','google'),(284,'Irish Grover','Irish Grover','Irish+Grover','google'),(285,'Istok Web','Istok Web','Istok+Web','google'),(286,'Italiana','Italiana','Italiana','google'),(287,'Italianno','Italianno','Italianno','google'),(288,'Jacques Francois','Jacques Francois','Jacques+Francois','google'),(289,'Jacques Francois Shadow','Jacques Francois Shadow','Jacques+Francois+Shadow','google'),(290,'Jim Nightshade','Jim Nightshade','Jim+Nightshade','google'),(291,'Jockey One','Jockey One','Jockey+One','google'),(292,'Jolly Lodger','Jolly Lodger','Jolly+Lodger','google'),(293,'Josefin Sans','Josefin Sans','Josefin+Sans','google'),(294,'Josefin Slab','Josefin Slab','Josefin+Slab','google'),(295,'Joti One','Joti One','Joti+One','google'),(296,'Judson','Judson','Judson','google'),(297,'Julee','Julee','Julee','google'),(298,'Julius Sans One','Julius Sans One','Julius+Sans+One','google'),(299,'Junge','Junge','Junge','google'),(300,'Jura','Jura','Jura','google'),(301,'Just Another Hand','Just Another Hand','Just+Another+Hand','google'),(302,'Just Me Again Down Here','Just Me Again Down Here','Just+Me+Again+Down+Here','google'),(303,'Kameron','Kameron','Kameron','google'),(304,'Karla','Karla','Karla','google'),(305,'Kaushan Script','Kaushan Script','Kaushan+Script','google'),(306,'Keania One','Keania One','Keania+One','google'),(307,'Kelly Slab','Kelly Slab','Kelly+Slab','google'),(308,'Kenia','Kenia','Kenia','google'),(309,'Khmer','Khmer','Khmer','google'),(310,'Kite One','Kite One','Kite+One','google'),(311,'Knewave','Knewave','Knewave','google'),(312,'Kotta One','Kotta One','Kotta+One','google'),(313,'Koulen','Koulen','Koulen','google'),(314,'Kranky','Kranky','Kranky','google'),(315,'Kreon','Kreon','Kreon','google'),(316,'Kristi','Kristi','Kristi','google'),(317,'Krona One','Krona One','Krona+One','google'),(318,'La Belle Aurore','La Belle Aurore','La+Belle+Aurore','google'),(319,'Lancelot','Lancelot','Lancelot','google'),(320,'Lato','Lato','Lato','google'),(321,'League Script','League Script','League+Script','google'),(322,'Leckerli One','Leckerli One','Leckerli+One','google'),(323,'Ledger','Ledger','Ledger','google'),(324,'Lekton','Lekton','Lekton','google'),(325,'Lemon','Lemon','Lemon','google'),(326,'Libre Baskerville','Libre Baskerville','Libre+Baskerville','google'),(327,'Life Savers','Life Savers','Life+Savers','google'),(328,'Lilita One','Lilita One','Lilita+One','google'),(329,'Limelight','Limelight','Limelight','google'),(330,'Linden Hill','Linden Hill','Linden+Hill','google'),(331,'Lobster','Lobster','Lobster','google'),(332,'Lobster Two','Lobster Two','Lobster+Two','google'),(333,'Londrina Outline','Londrina Outline','Londrina+Outline','google'),(334,'Londrina Shadow','Londrina Shadow','Londrina+Shadow','google'),(335,'Londrina Sketch','Londrina Sketch','Londrina+Sketch','google'),(336,'Londrina Solid','Londrina Solid','Londrina+Solid','google'),(337,'Lora','Lora','Lora','google'),(338,'Love Ya Like A Sister','Love Ya Like A Sister','Love+Ya+Like+A+Sister','google'),(339,'Loved by the King','Loved by the King','Loved+by+the+King','google'),(340,'Lovers Quarrel','Lovers Quarrel','Lovers+Quarrel','google'),(341,'Luckiest Guy','Luckiest Guy','Luckiest+Guy','google'),(342,'Lusitana','Lusitana','Lusitana','google'),(343,'Lustria','Lustria','Lustria','google'),(344,'Macondo','Macondo','Macondo','google'),(345,'Macondo Swash Caps','Macondo Swash Caps','Macondo+Swash+Caps','google'),(346,'Magra','Magra','Magra','google'),(347,'Maiden Orange','Maiden Orange','Maiden+Orange','google'),(348,'Mako','Mako','Mako','google'),(349,'Marcellus','Marcellus','Marcellus','google'),(350,'Marcellus SC','Marcellus SC','Marcellus+SC','google'),(351,'Marck Script','Marck Script','Marck+Script','google'),(352,'Margarine','Margarine','Margarine','google'),(353,'Marko One','Marko One','Marko+One','google'),(354,'Marmelad','Marmelad','Marmelad','google'),(355,'Marvel','Marvel','Marvel','google'),(356,'Mate','Mate','Mate','google'),(357,'Mate SC','Mate SC','Mate+SC','google'),(358,'Maven Pro','Maven Pro','Maven+Pro','google'),(359,'McLaren','McLaren','McLaren','google'),(360,'Meddon','Meddon','Meddon','google'),(361,'MedievalSharp','MedievalSharp','MedievalSharp','google'),(362,'Medula One','Medula One','Medula+One','google'),(363,'Megrim','Megrim','Megrim','google'),(364,'Meie Script','Meie Script','Meie+Script','google'),(365,'Merienda','Merienda','Merienda','google'),(366,'Merienda One','Merienda One','Merienda+One','google'),(367,'Merriweather','Merriweather','Merriweather','google'),(368,'Metal','Metal','Metal','google'),(369,'Metal Mania','Metal Mania','Metal+Mania','google'),(370,'Metamorphous','Metamorphous','Metamorphous','google'),(371,'Metrophobic','Metrophobic','Metrophobic','google'),(372,'Michroma','Michroma','Michroma','google'),(373,'Milonga','Milonga','Milonga','google'),(374,'Miltonian','Miltonian','Miltonian','google'),(375,'Miltonian Tattoo','Miltonian Tattoo','Miltonian+Tattoo','google'),(376,'Miniver','Miniver','Miniver','google'),(377,'Miss Fajardose','Miss Fajardose','Miss+Fajardose','google'),(378,'Modern Antiqua','Modern Antiqua','Modern+Antiqua','google'),(379,'Molengo','Molengo','Molengo','google'),(380,'Molle','Molle','Molle','google'),(381,'Monda','Monda','Monda','google'),(382,'Monofett','Monofett','Monofett','google'),(383,'Monoton','Monoton','Monoton','google'),(384,'Monsieur La Doulaise','Monsieur La Doulaise','Monsieur+La+Doulaise','google'),(385,'Montaga','Montaga','Montaga','google'),(386,'Montez','Montez','Montez','google'),(387,'Montserrat','Montserrat','Montserrat','google'),(388,'Montserrat Alternates','Montserrat Alternates','Montserrat+Alternates','google'),(389,'Montserrat Subrayada','Montserrat Subrayada','Montserrat+Subrayada','google'),(390,'Moul','Moul','Moul','google'),(391,'Moulpali','Moulpali','Moulpali','google'),(392,'Mountains of Christmas','Mountains of Christmas','Mountains+of+Christmas','google'),(393,'Mouse Memoirs','Mouse Memoirs','Mouse+Memoirs','google'),(394,'Mr Bedfort','Mr Bedfort','Mr+Bedfort','google'),(395,'Mr Dafoe','Mr Dafoe','Mr+Dafoe','google'),(396,'Mr De Haviland','Mr De Haviland','Mr+De+Haviland','google'),(397,'Mrs Saint Delafield','Mrs Saint Delafield','Mrs+Saint+Delafield','google'),(398,'Mrs Sheppards','Mrs Sheppards','Mrs+Sheppards','google'),(399,'Muli','Muli','Muli','google'),(400,'Mystery Quest','Mystery Quest','Mystery+Quest','google'),(401,'Neucha','Neucha','Neucha','google'),(402,'Neuton','Neuton','Neuton','google'),(403,'New Rocker','New Rocker','New+Rocker','google'),(404,'News Cycle','News Cycle','News+Cycle','google'),(405,'Niconne','Niconne','Niconne','google'),(406,'Nixie One','Nixie One','Nixie+One','google'),(407,'Nobile','Nobile','Nobile','google'),(408,'Nokora','Nokora','Nokora','google'),(409,'Norican','Norican','Norican','google'),(410,'Nosifer','Nosifer','Nosifer','google'),(411,'Nothing You Could Do','Nothing You Could Do','Nothing+You+Could+Do','google'),(412,'Noticia Text','Noticia Text','Noticia+Text','google'),(413,'Nova Cut','Nova Cut','Nova+Cut','google'),(414,'Nova Flat','Nova Flat','Nova+Flat','google'),(415,'Nova Mono','Nova Mono','Nova+Mono','google'),(416,'Nova Oval','Nova Oval','Nova+Oval','google'),(417,'Nova Round','Nova Round','Nova+Round','google'),(418,'Nova Script','Nova Script','Nova+Script','google'),(419,'Nova Slim','Nova Slim','Nova+Slim','google'),(420,'Nova Square','Nova Square','Nova+Square','google'),(421,'Numans','Numans','Numans','google'),(422,'Nunito','Nunito','Nunito','google'),(423,'Odor Mean Chey','Odor Mean Chey','Odor+Mean+Chey','google'),(424,'Offside','Offside','Offside','google'),(425,'Old Standard TT','Old Standard TT','Old+Standard+TT','google'),(426,'Oldenburg','Oldenburg','Oldenburg','google'),(427,'Oleo Script','Oleo Script','Oleo+Script','google'),(428,'Oleo Script Swash Caps','Oleo Script Swash Caps','Oleo+Script+Swash+Caps','google'),(429,'Open Sans','Open Sans','Open+Sans','google'),(430,'Open Sans Condensed','Open Sans Condensed','Open+Sans+Condensed','google'),(431,'Oranienbaum','Oranienbaum','Oranienbaum','google'),(432,'Orbitron','Orbitron','Orbitron','google'),(433,'Oregano','Oregano','Oregano','google'),(434,'Orienta','Orienta','Orienta','google'),(435,'Original Surfer','Original Surfer','Original+Surfer','google'),(436,'Oswald','Oswald','Oswald','google'),(437,'Over the Rainbow','Over the Rainbow','Over+the+Rainbow','google'),(438,'Overlock','Overlock','Overlock','google'),(439,'Overlock SC','Overlock SC','Overlock+SC','google'),(440,'Ovo','Ovo','Ovo','google'),(441,'Oxygen','Oxygen','Oxygen','google'),(442,'Oxygen Mono','Oxygen Mono','Oxygen+Mono','google'),(443,'PT Mono','PT Mono','PT+Mono','google'),(444,'PT Sans','PT Sans','PT+Sans','google'),(445,'PT Sans Caption','PT Sans Caption','PT+Sans+Caption','google'),(446,'PT Sans Narrow','PT Sans Narrow','PT+Sans+Narrow','google'),(447,'PT Serif','PT Serif','PT+Serif','google'),(448,'PT Serif Caption','PT Serif Caption','PT+Serif+Caption','google'),(449,'Pacifico','Pacifico','Pacifico','google'),(450,'Paprika','Paprika','Paprika','google'),(451,'Parisienne','Parisienne','Parisienne','google'),(452,'Passero One','Passero One','Passero+One','google'),(453,'Passion One','Passion One','Passion+One','google'),(454,'Patrick Hand','Patrick Hand','Patrick+Hand','google'),(455,'Patua One','Patua One','Patua+One','google'),(456,'Paytone One','Paytone One','Paytone+One','google'),(457,'Peralta','Peralta','Peralta','google'),(458,'Permanent Marker','Permanent Marker','Permanent+Marker','google'),(459,'Petit Formal Script','Petit Formal Script','Petit+Formal+Script','google'),(460,'Petrona','Petrona','Petrona','google'),(461,'Philosopher','Philosopher','Philosopher','google'),(462,'Piedra','Piedra','Piedra','google'),(463,'Pinyon Script','Pinyon Script','Pinyon+Script','google'),(464,'Pirata One','Pirata One','Pirata+One','google'),(465,'Plaster','Plaster','Plaster','google'),(466,'Play','Play','Play','google'),(467,'Playball','Playball','Playball','google'),(468,'Playfair Display','Playfair Display','Playfair+Display','google'),(469,'Playfair Display SC','Playfair Display SC','Playfair+Display+SC','google'),(470,'Podkova','Podkova','Podkova','google'),(471,'Poiret One','Poiret One','Poiret+One','google'),(472,'Poller One','Poller One','Poller+One','google'),(473,'Poly','Poly','Poly','google'),(474,'Pompiere','Pompiere','Pompiere','google'),(475,'Pontano Sans','Pontano Sans','Pontano+Sans','google'),(476,'Port Lligat Sans','Port Lligat Sans','Port+Lligat+Sans','google'),(477,'Port Lligat Slab','Port Lligat Slab','Port+Lligat+Slab','google'),(478,'Prata','Prata','Prata','google'),(479,'Preahvihear','Preahvihear','Preahvihear','google'),(480,'Press Start 2P','Press Start 2P','Press+Start+2P','google'),(481,'Princess Sofia','Princess Sofia','Princess+Sofia','google'),(482,'Prociono','Prociono','Prociono','google'),(483,'Prosto One','Prosto One','Prosto+One','google'),(484,'Puritan','Puritan','Puritan','google'),(485,'Purple Purse','Purple Purse','Purple+Purse','google'),(486,'Quando','Quando','Quando','google'),(487,'Quantico','Quantico','Quantico','google'),(488,'Quattrocento','Quattrocento','Quattrocento','google'),(489,'Quattrocento Sans','Quattrocento Sans','Quattrocento+Sans','google'),(490,'Questrial','Questrial','Questrial','google'),(491,'Quicksand','Quicksand','Quicksand','google'),(492,'Quintessential','Quintessential','Quintessential','google'),(493,'Qwigley','Qwigley','Qwigley','google'),(494,'Racing Sans One','Racing Sans One','Racing+Sans+One','google'),(495,'Radley','Radley','Radley','google'),(496,'Raleway','Raleway','Raleway','google'),(497,'Raleway Dots','Raleway Dots','Raleway+Dots','google'),(498,'Rambla','Rambla','Rambla','google'),(499,'Rammetto One','Rammetto One','Rammetto+One','google'),(500,'Ranchers','Ranchers','Ranchers','google'),(501,'Rancho','Rancho','Rancho','google'),(502,'Rationale','Rationale','Rationale','google'),(503,'Redressed','Redressed','Redressed','google'),(504,'Reenie Beanie','Reenie Beanie','Reenie+Beanie','google'),(505,'Revalia','Revalia','Revalia','google'),(506,'Ribeye','Ribeye','Ribeye','google'),(507,'Ribeye Marrow','Ribeye Marrow','Ribeye+Marrow','google'),(508,'Righteous','Righteous','Righteous','google'),(509,'Risque','Risque','Risque','google'),(510,'Rochester','Rochester','Rochester','google'),(511,'Rock Salt','Rock Salt','Rock+Salt','google'),(512,'Rokkitt','Rokkitt','Rokkitt','google'),(513,'Romanesco','Romanesco','Romanesco','google'),(514,'Ropa Sans','Ropa Sans','Ropa+Sans','google'),(515,'Rosario','Rosario','Rosario','google'),(516,'Rosarivo','Rosarivo','Rosarivo','google'),(517,'Rouge Script','Rouge Script','Rouge+Script','google'),(518,'Ruda','Ruda','Ruda','google'),(519,'Rufina','Rufina','Rufina','google'),(520,'Ruge Boogie','Ruge Boogie','Ruge+Boogie','google'),(521,'Ruluko','Ruluko','Ruluko','google'),(522,'Rum Raisin','Rum Raisin','Rum+Raisin','google'),(523,'Ruslan Display','Ruslan Display','Ruslan+Display','google'),(524,'Russo One','Russo One','Russo+One','google'),(525,'Ruthie','Ruthie','Ruthie','google'),(526,'Rye','Rye','Rye','google'),(527,'Sacramento','Sacramento','Sacramento','google'),(528,'Sail','Sail','Sail','google'),(529,'Salsa','Salsa','Salsa','google'),(530,'Sanchez','Sanchez','Sanchez','google'),(531,'Sancreek','Sancreek','Sancreek','google'),(532,'Sansita One','Sansita One','Sansita+One','google'),(533,'Sarina','Sarina','Sarina','google'),(534,'Satisfy','Satisfy','Satisfy','google'),(535,'Scada','Scada','Scada','google'),(536,'Schoolbell','Schoolbell','Schoolbell','google'),(537,'Seaweed Script','Seaweed Script','Seaweed+Script','google'),(538,'Sevillana','Sevillana','Sevillana','google'),(539,'Seymour One','Seymour One','Seymour+One','google'),(540,'Shadows Into Light','Shadows Into Light','Shadows+Into+Light','google'),(541,'Shadows Into Light Two','Shadows Into Light Two','Shadows+Into+Light+Two','google'),(542,'Shanti','Shanti','Shanti','google'),(543,'Share','Share','Share','google'),(544,'Share Tech','Share Tech','Share+Tech','google'),(545,'Share Tech Mono','Share Tech Mono','Share+Tech+Mono','google'),(546,'Shojumaru','Shojumaru','Shojumaru','google'),(547,'Short Stack','Short Stack','Short+Stack','google'),(548,'Siemreap','Siemreap','Siemreap','google'),(549,'Sigmar One','Sigmar One','Sigmar+One','google'),(550,'Signika','Signika','Signika','google'),(551,'Signika Negative','Signika Negative','Signika+Negative','google'),(552,'Simonetta','Simonetta','Simonetta','google'),(553,'Sirin Stencil','Sirin Stencil','Sirin+Stencil','google'),(554,'Six Caps','Six Caps','Six+Caps','google'),(555,'Skranji','Skranji','Skranji','google'),(556,'Slackey','Slackey','Slackey','google'),(557,'Smokum','Smokum','Smokum','google'),(558,'Smythe','Smythe','Smythe','google'),(559,'Sniglet','Sniglet','Sniglet','google'),(560,'Snippet','Snippet','Snippet','google'),(561,'Snowburst One','Snowburst One','Snowburst+One','google'),(562,'Sofadi One','Sofadi One','Sofadi+One','google'),(563,'Sofia','Sofia','Sofia','google'),(564,'Sonsie One','Sonsie One','Sonsie+One','google'),(565,'Sorts Mill Goudy','Sorts Mill Goudy','Sorts+Mill+Goudy','google'),(566,'Source Code Pro','Source Code Pro','Source+Code+Pro','google'),(567,'Source Sans Pro','Source Sans Pro','Source+Sans+Pro','google'),(568,'Special Elite','Special Elite','Special+Elite','google'),(569,'Spicy Rice','Spicy Rice','Spicy+Rice','google'),(570,'Spinnaker','Spinnaker','Spinnaker','google'),(571,'Spirax','Spirax','Spirax','google'),(572,'Squada One','Squada One','Squada+One','google'),(573,'Stalemate','Stalemate','Stalemate','google'),(574,'Stalinist One','Stalinist One','Stalinist+One','google'),(575,'Stardos Stencil','Stardos Stencil','Stardos+Stencil','google'),(576,'Stint Ultra Condensed','Stint Ultra Condensed','Stint+Ultra+Condensed','google'),(577,'Stint Ultra Expanded','Stint Ultra Expanded','Stint+Ultra+Expanded','google'),(578,'Stoke','Stoke','Stoke','google'),(579,'Strait','Strait','Strait','google'),(580,'Sue Ellen Francisco','Sue Ellen Francisco','Sue+Ellen+Francisco','google'),(581,'Sunshiney','Sunshiney','Sunshiney','google'),(582,'Supermercado One','Supermercado One','Supermercado+One','google'),(583,'Suwannaphum','Suwannaphum','Suwannaphum','google'),(584,'Swanky and Moo Moo','Swanky and Moo Moo','Swanky+and+Moo+Moo','google'),(585,'Syncopate','Syncopate','Syncopate','google'),(586,'Tangerine','Tangerine','Tangerine','google'),(587,'Taprom','Taprom','Taprom','google'),(588,'Telex','Telex','Telex','google'),(589,'Tenor Sans','Tenor Sans','Tenor+Sans','google'),(590,'Text Me One','Text Me One','Text+Me+One','google'),(591,'The Girl Next Door','The Girl Next Door','The+Girl+Next+Door','google'),(592,'Tienne','Tienne','Tienne','google'),(593,'Tinos','Tinos','Tinos','google'),(594,'Titan One','Titan One','Titan+One','google'),(595,'Titillium Web','Titillium Web','Titillium+Web','google'),(596,'Trade Winds','Trade Winds','Trade+Winds','google'),(597,'Trocchi','Trocchi','Trocchi','google'),(598,'Trochut','Trochut','Trochut','google'),(599,'Trykker','Trykker','Trykker','google'),(600,'Tulpen One','Tulpen One','Tulpen+One','google'),(601,'Ubuntu','Ubuntu','Ubuntu','google'),(602,'Ubuntu Condensed','Ubuntu Condensed','Ubuntu+Condensed','google'),(603,'Ubuntu Mono','Ubuntu Mono','Ubuntu+Mono','google'),(604,'Ultra','Ultra','Ultra','google'),(605,'Uncial Antiqua','Uncial Antiqua','Uncial+Antiqua','google'),(606,'Underdog','Underdog','Underdog','google'),(607,'Unica One','Unica One','Unica+One','google'),(608,'UnifrakturCook','UnifrakturCook','UnifrakturCook','google'),(609,'UnifrakturMaguntia','UnifrakturMaguntia','UnifrakturMaguntia','google'),(610,'Unkempt','Unkempt','Unkempt','google'),(611,'Unlock','Unlock','Unlock','google'),(612,'Unna','Unna','Unna','google'),(613,'VT323','VT323','VT323','google'),(614,'Vampiro One','Vampiro One','Vampiro+One','google'),(615,'Varela','Varela','Varela','google'),(616,'Varela Round','Varela Round','Varela+Round','google'),(617,'Vast Shadow','Vast Shadow','Vast+Shadow','google'),(618,'Vibur','Vibur','Vibur','google'),(619,'Vidaloka','Vidaloka','Vidaloka','google'),(620,'Viga','Viga','Viga','google'),(621,'Voces','Voces','Voces','google'),(622,'Volkhov','Volkhov','Volkhov','google'),(623,'Vollkorn','Vollkorn','Vollkorn','google'),(624,'Voltaire','Voltaire','Voltaire','google'),(625,'Waiting for the Sunrise','Waiting for the Sunrise','Waiting+for+the+Sunrise','google'),(626,'Wallpoet','Wallpoet','Wallpoet','google'),(627,'Walter Turncoat','Walter Turncoat','Walter+Turncoat','google'),(628,'Warnes','Warnes','Warnes','google'),(629,'Wellfleet','Wellfleet','Wellfleet','google'),(630,'Wendy One','Wendy One','Wendy+One','google'),(631,'Wire One','Wire One','Wire+One','google'),(632,'Yanone Kaffeesatz','Yanone Kaffeesatz','Yanone+Kaffeesatz','google'),(633,'Yellowtail','Yellowtail','Yellowtail','google'),(634,'Yeseva One','Yeseva One','Yeseva+One','google'),(635,'Yesteryear','Yesteryear','Yesteryear','google'),(636,'Zeyada','Zeyada','Zeyada','google'),(637,'\"Helvetica Neue\", Helvetica, Arial,  sans-serif','Helvetica, sans-serif',NULL,'system'),(638,'Georgia, \"Times New Roman\", Times, serif','Georgia, serif',NULL,'system');
/*!40000 ALTER TABLE `dev_1551_1_journal_cp_fonts` ENABLE KEYS */;
UNLOCK TABLES;

--
-- Table structure for table `dev_1551_1_journal_cp_settings`
--

DROP TABLE IF EXISTS `dev_1551_1_journal_cp_settings`;
/*!40101 SET @saved_cs_client     = @@character_set_client */;
/*!40101 SET character_set_client = utf8 */;
CREATE TABLE `dev_1551_1_journal_cp_settings` (
  `name` varchar(64) COLLATE utf8_bin NOT NULL,
  `category` varchar(64) COLLATE utf8_bin NOT NULL,
  `subcategory` varchar(64) COLLATE utf8_bin DEFAULT NULL,
  `input` enum('text','textarea','editor','color','upload','multiupload','select','font','menu','categ_menu') COLLATE utf8_bin NOT NULL DEFAULT 'text',
  `options` text COLLATE utf8_bin,
  `type` enum('css','property') COLLATE utf8_bin NOT NULL DEFAULT 'property',
  `css_selector` text COLLATE utf8_bin,
  `css_property` text COLLATE utf8_bin,
  `is_serialized` enum('yes','no') COLLATE utf8_bin NOT NULL DEFAULT 'no',
  `sort_order` int(11) DEFAULT NULL,
  PRIMARY KEY (`name`),
  KEY `category` (`category`),
  KEY `subcategory` (`subcategory`),
  CONSTRAINT `dev_1551_1_journal_cp_settings_ibfk_1` FOREIGN KEY (`category`) REFERENCES `dev_1551_1_journal_cp_categories` (`category_name`) ON DELETE CASCADE ON UPDATE CASCADE,
  CONSTRAINT `dev_1551_1_journal_cp_settings_ibfk_2` FOREIGN KEY (`subcategory`) REFERENCES `dev_1551_1_journal_cp_subcategories` (`subcategory_name`) ON DELETE CASCADE ON UPDATE CASCADE
) ENGINE=InnoDB DEFAULT CHARSET=utf8 COLLATE=utf8_bin;
/*!40101 SET character_set_client = @saved_cs_client */;

--
-- Dumping data for table `dev_1551_1_journal_cp_settings`
--

LOCK TABLES `dev_1551_1_journal_cp_settings` WRITE;
/*!40000 ALTER TABLE `dev_1551_1_journal_cp_settings` DISABLE KEYS */;
INSERT INTO `dev_1551_1_journal_cp_settings` VALUES ('background_color','colors','main','color',NULL,'css','body','background-color','no',0),('background_pattern','general','backgrounds','upload',NULL,'css','body','background-image:url(%s)','no',5),('body_font_color','colors','main','color',NULL,'css','body, p, .product-info .price-tax, .top-links a, .product-info .description, .tab-content p, .blogTags a, #blogCatArticles .articleHeader h3 a, .commentList li .name, .commentList li .name a, .compare-info td, .compare-info tr td:first-child, .product-info .cart .minimum, .jcarousel-skin-opencart .jcarousel-next-horizontal, .jcarousel-skin-opencart .jcarousel-prev-horizontal','color','no',0),('border_color','colors','main','color',NULL,'css','#column-right .box-category > ul > li > a, #column-right .box-content > ul > li > a, #column-right .box-category > ul > li ul, .product-info .description, .product-info .price, .product-info .cart, .product-info .social, .product-info .cart div a:last-child, .top-links a, .ie8 .top-links a, .buttons, hr, .pagination, #content h2, .cart-total, table.list, table.list td, .cart-info table, .cart-info tbody td, #content .welcome span, .product-info .options, .product-list > div, .product-list .name a, .product-list .compare a, #journal-header .top-links, .checkout-product tfoot td, .wishlist-info tbody td, .wishlist-info table, #content .welcome span, .product-grid .image, #content .box-product .image, #content > h1, #content .box-heading, #column-right .box .box-heading, .boxPlain .box-content, #blogCatArticles .articleHeader h3, .articleBottom h4, #blogCategory h4, #blogArticle .articleContent, #column-right .blogCategories > ul > li > a, #column-right #blogArchive > li > a, #column-right .blogArchives ul ul > li > a, .subcateg-thumb, .category-list ul li a, #search .button-search, #journal-header .welcome, #journal-header .welcome, .compare-info td, .compare-info, #column-right .box-product > div, .product-info .review\n\n','border-color','no',NULL),('breadcrumb_background_color','colors','main','color',NULL,'css','.breadcrumb','background-color','no',7),('breadcrumb_color','colors','main','color',NULL,'css','.breadcrumb, .breadcrumb a','color','no',6),('breadcrumb_hover_color','colors','main','color',NULL,'css','.breadcrumb a:hover','color','no',8),('caption_link_color','colors','slider','color',NULL,'css','.caption a','color','no',NULL),('caption_link_hover_color','colors','slider','color',NULL,'css','.caption a:hover','color','no',NULL),('categories_menu','menus','categories_menu','categ_menu',NULL,'property',NULL,NULL,'yes',NULL),('categories_menu_background_color','colors','header','color',NULL,'css','#journal-header .menu','background-color','no',8),('categories_menu_border_color','colors','header','color',NULL,'css','#menu > ul > li, #menu > ul.mobile-nav > li > a, #journal-header .cart #cart, #menu > ul.mobile-nav > li:nth-child(2)','border-color','no',10),('categories_menu_color','colors','header','color',NULL,'css','#menu > ul > li > a','color','no',7),('categories_menu_dropdown_background_color','colors','header','color',NULL,'css','#menu > ul > li > div','background-color','no',12),('categories_menu_dropdown_font','fonts',NULL,'font',NULL,'css','#menu > ul > li > div > ul > li > a',NULL,'yes',8),('categories_menu_dropdown_hover_color','colors','header','color',NULL,'css','#menu > ul > li ul > li > a:hover','background-color','no',13),('categories_menu_hover_color','colors','header','color',NULL,'css','#menu > ul > li:hover, .tags a:hover, .blogTags a:hover','background-color','no',9),('categories_pagination_background_color','colors','categories','color',NULL,'css','.pagination .links a, .pagination .links b','background-color','no',19),('categories_pagination_color','colors','categories','color',NULL,'css','.pagination','color','no',18),('categories_pagination_hover_background_color','colors','categories','color',NULL,'css','.pagination .links a:hover, .pagination .links b','background-color','no',20),('categories_product_background_color','colors','categories','color',NULL,'css','.product-grid > div, #content .box-product > div, #articleComments','background-color','no',6),('categories_product_description_color','colors','categories','color',NULL,'css','.product-list .description','color','no',11),('categories_product_filter_background_color','colors','categories','color',NULL,'css','.product-filter','background-color','no',5),('categories_product_filter_color','colors','categories','color',NULL,'css','.product-filter','color','no',4),('categories_product_name_color','colors','categories','color',NULL,'css','.product-grid .name a, #content .box-product .name a, .product-grid .wishlist a, #content .box-product .wishlist a, .product-grid .compare a, #content .box-product .compare a','color','no',9),('categories_product_price_color','colors','categories','color',NULL,'css','.product-grid .price, #content .box-product .price','color','no',10),('categories_product_rollover_background_color','colors','categories','color',NULL,'css','.product-grid > div:hover .product-over, #content .box-product > div:hover .product-over','background-color','no',7),('categories_product_rollover_opacity','colors','categories','text',NULL,'css','.product-grid > div:hover .product-over, #content .box-product > div:hover .product-over','opacity','no',8),('category_product_name_font','fonts',NULL,'font',NULL,'css','.product-grid .name a, #content .box-product .name a',NULL,'yes',13),('category_product_price_font','fonts',NULL,'font',NULL,'css','.product-grid .price, #content .box-product .price, .product-list .price, .product-list .price-new, .product-grid .price-new, #content .box-product .price-new',NULL,'yes',14),('cloud_zoom','general','products','select','yes,no','property',NULL,NULL,'no',1),('contact_methods','footer','contacts','menu',NULL,'property',NULL,NULL,'yes',NULL),('container_bg_image','general','backgrounds','upload',NULL,'css','#container','background-image: url(%s)','no',NULL),('copyright','footer','copyright_text','editor',NULL,'property',NULL,NULL,'no',2),('custom_css','custom_code','custom_css','textarea',NULL,'property',NULL,NULL,'no',NULL),('custom_footer_text','footer','custom_text','editor',NULL,'property',NULL,NULL,'no',1),('custom_js','custom_code','custom_js','textarea',NULL,'property',NULL,NULL,'no',NULL),('extended_filter','general','general_options','select','yes,no','property',NULL,NULL,'no',3),('facebook_likebox','footer','social','text',NULL,'property',NULL,NULL,'no',1),('facebook_profile','footer','social','text',NULL,'property',NULL,NULL,'no',2),('filter_categories_background_color','colors','filter','color',NULL,'css','.journal-filter ul li','background-color','no',2),('filter_categories_border_color','colors','filter','color',NULL,'css','.journal-filter ul li','border-color','no',5),('filter_categories_color','colors','filter','color',NULL,'css','.journal-filter ul li a','color','no',1),('filter_categories_hover_background_color','colors','filter','color',NULL,'css','.journal-filter ul li a:hover, .journal-filter ul li a.selected','background-color','no',4),('filter_categories_hover_color','colors','filter','color',NULL,'css','.journal-filter ul li a:hover, .journal-filter ul li a.selected','color','no',3),('filter_titles_font','fonts',NULL,'font',NULL,'css','.journal-filter ul li a',NULL,'yes',3),('flickr_profile','footer','social','text',NULL,'property',NULL,NULL,'no',8),('footer_background_color','colors','footer','color',NULL,'css','#footer','background-color','no',1),('footer_bg_image','general','backgrounds','upload',NULL,'css','#footer','background-image: url(%s)','no',NULL),('footer_border_color','colors','footer','color',NULL,'css','#footer h3','border-color','no',3),('footer_bottom_background_color','colors','footer','color',NULL,'css','#powered','background-color','no',12),('footer_contact_icons_background_color','colors','footer','color',NULL,'css','.connect .contact-profiles a, .connect div span','background-color','no',8),('footer_contact_icons_hover_background_color','colors','footer','color',NULL,'css','.connect .contact-profiles a:hover','background-color','no',9),('footer_contacts_background_color','colors','footer','color',NULL,'css','.connect','background-color','no',7),('footer_contacts_color','colors','footer','color',NULL,'css','.connect div, .connect .contact-methods a','color','no',6),('footer_contacts_font','fonts',NULL,'font',NULL,'css','.connect div',NULL,'yes',20),('footer_contacts_hover_color','colors','footer','color',NULL,'css','.connect .contact-methods a:hover','color','no',6),('footer_copyright_color','colors','footer','color',NULL,'css','#powered p','color','no',11),('footer_custom_text_color','colors','footer','color',NULL,'css','.custom-text p','color','no',10),('footer_headings_color','colors','footer','color',NULL,'css','#footer h3','color','no',2),('footer_headings_font','fonts',NULL,'font',NULL,'css','#footer h3',NULL,'yes',18),('footer_links_color','colors','footer','color',NULL,'css','#footer .column a, #footer .column ul li:before','color','no',4),('footer_links_font','fonts',NULL,'font',NULL,'css','#footer .column a',NULL,'yes',19),('footer_links_hover_color','colors','footer','color',NULL,'css','#footer .column a:hover, .connect .contact-methods a:hover, .jcarousel-skin-opencart .jcarousel-next-horizontal:hover, .jcarousel-skin-opencart .jcarousel-prev-horizontal:hover','color','no',5),('general_buttons_background_color','colors','main','color',NULL,'css','a.button, input.button, #cart .checkout a, .product-grid input.button, .product-list input.button','background-color','no',13),('general_buttons_color','colors','main','color',NULL,'css','a.button, input.button, #cart .checkout a, .product-grid input.button, .product-list input.button','color','no',12),('general_buttons_hover_background_color','colors','main','color',NULL,'css','a.button:hover, input.button:hover, #cart .checkout a:hover, .product-grid input.button:hover, .product-list input.button:hover','background-color','no',14),('general_buttons_hover_color','colors','main','color',NULL,'css','a.button:hover, input.button:hover, #cart .checkout a:hover, .product-grid input.button:hover, .product-list input.button:hover','color','no',14),('global_buttons_font','fonts',NULL,'font',NULL,'css','a.button, input.button, #cart .checkout a',NULL,'yes',2),('gplus_profile','footer','social','text',NULL,'property',NULL,NULL,'no',4),('header_bg_color','colors','header','color',NULL,'css','header','background-color','no',1),('header_bg_image','general','backgrounds','upload',NULL,'css','header','background-image: url(%s)','no',NULL),('header_cart_background_color','colors','header','color',NULL,'css','#journal-header .cart','background-color','no',4),('header_cart_color','colors','header','color',NULL,'css','#journal-header .cart','color','no',3),('header_cart_content_background_color','colors','header','color',NULL,'css','#cart .content','background-color','no',6),('header_cart_content_color','colors','header','color',NULL,'css','#cart .content','color','no',5),('header_cart_font','fonts',NULL,'font',NULL,'css','#cart .heading a span',NULL,'yes',6),('header_cart_icon','general','general_options','select','a,b,c','css','#cart .heading:before','content:\"%s\"','no',1),('header_category_menu_font','fonts',NULL,'font',NULL,'css','#menu > ul > li > a, #menu',NULL,'yes',7),('header_dropdown_color','colors','header','color',NULL,'css','#menu > ul > li > div > ul > li > a','color','no',11),('header_top_links_font','fonts',NULL,'font',NULL,'css','.top-links a',NULL,'yes',5),('header_type','general','general_options','select','yes,no','property',NULL,NULL,'no',NULL),('links_color','colors','main','color',NULL,'css','a, a b, .sitemap-info ul > li > a, .product-list .wishlist a, .product-list .compare a, .product-list .name a, #column-right .box-product .name a, .articleHeader span a','color','no',11),('links_hover_color','colors','main','color',NULL,'css','#column-right .box-category > ul > li ul > li > a:hover, .product-grid .wishlist a:hover, #content .box-product .wishlist a:hover, .product-grid .compare a:hover, #content .box-product .compare a:hover, .sitemap-info ul > li > a:hover, .product-list .wishlist a:hover, .product-list .compare a:hover, .login-content .right a:hover, .content ul li a:hover, #column-right .box-product .name a:hover, .checkout-content .right a:hover, a.fancybox b:hover, .product-info .cart div a:hover, .product-info .cart div span:hover, .review a:hover, .articleHeader span a:hover, .articleContent .readMore span a:hover, #blogCatArticles .articleHeader h3 a:hover,.blogModule li a:hover, #column-right .blogArchives ul ul > li > a:hover, #tab-related-article .blogTitle:hover, #articleRelated ul li a:hover, .product-compare a:hover, #currency a b\n','color','no',11),('login_link_color','colors','header','color',NULL,'css','#welcome a, .custom-text p a, #powered a, .welcome-copy a','color','no',17),('login_link_hover_color','colors','header','color',NULL,'css','#welcome a:hover, .custom-text p a:hover, #powered a:hover, .welcome-copy a:hover\n','color','no',18),('logo_background_color','colors','header','color',NULL,'css','#logo','background-color','no',1),('main_content_color','colors','main','color',NULL,'css','#container, .commentList .even, #comments .commentEmpty','background-color','no',5),('main_font','fonts',NULL,'font',NULL,'css','body, #blogCatArticles p, #blogArticle p',NULL,'yes',2),('main_title_background_color','colors','main','color',NULL,'css','#content > h1, .box-heading, #column-right .column-head, .manufacturer-heading, #productRelated h4, #content #blogSearch h2','background-color','no',10),('main_title_color','colors','main','color',NULL,'css','#content > h1, .manufacturer-heading, .box-heading, #column-right .box .box-heading,  #content .box-heading, #productRelated h4, #content #blogSearch h2','color','no',9),('main_titles_font','fonts',NULL,'font',NULL,'css','#content > h1, #content .box-heading,  #column-right .box .box-heading, #blogCatArticles .articleHeader h3 a, #productRelated h4, #blogSearch h2, #content #blogSearch h2',NULL,'yes',3),('mobile_menu_title','general','general_options','text',NULL,'property','.menu-icon',NULL,'no',5),('payment_images','footer','payment_images','menu',NULL,'property',NULL,NULL,'yes',4),('pinterest_profile','footer','social','text',NULL,'property',NULL,NULL,'no',5),('preloader_color','general','preloader','color',NULL,'css','.loader','background-color','no',3),('preloader_image','general','preloader','upload',NULL,'css','.loader','background-image: url(%s)','no',2),('preloader_visibility','general','preloader','select','block,none','css','.loader','display','no',1),('product_add_cart_background_color','colors','product_page','color',NULL,'css','.product-info .cart input.button','background-color','no',6),('product_add_cart_color','colors','product_page','color',NULL,'css','.product-info .cart input.button','color','no',4),('product_add_cart_font','fonts',NULL,'font',NULL,'css','.product-info .cart input.button',NULL,'yes',16),('product_add_cart_hover_background_color','colors','product_page','color',NULL,'css','.product-info .cart input.button:hover','background-color','no',7),('product_add_cart_hover_color','colors','product_page','color',NULL,'css','.product-info .cart input.button:hover','color','no',5),('product_hover','general','products','select','none,hover1,hover2','property',NULL,NULL,'no',4),('product_old_price_background_color','colors','product_page','color',NULL,'css','.product-info .price-old','background-color','no',3),('product_old_price_color','colors','product_page','color',NULL,'css','.product-info .price-old','color','no',2),('product_options_background_color','colors','product_page','color',NULL,'css','.product-info .price, .product-info .options .option, .order-list .order-content','background-color','no',9),('product_price_color','colors','product_page','color',NULL,'css','.product-info .price, #column-right .box-product .price, .product-list .price','color','no',1),('product_price_font','fonts',NULL,'font',NULL,'css','.product-info .price',NULL,'yes',15),('product_tabs_background_color','colors','product_page','color',NULL,'css','.htabs a','background-color','no',10),('product_tabs_color','colors','product_page','color',NULL,'css','.htabs a, .htabs a:hover, .htabs a.selected','color','no',10),('product_tabs_content','colors','product_page','color',NULL,'css','.tab-content','background-color','no',13),('product_tabs_font','fonts',NULL,'font',NULL,'css','.htabs a',NULL,'yes',3),('product_tabs_selected_background_color','colors','product_page','color',NULL,'css','.htabs a.selected','background-color','no',12),('push_background_color','colors','product_page','color',NULL,'css','ul.product-option li span','background-color','no',8),('push_color','colors','product_page','color',NULL,'css','ul.product-option li span','color','no',8),('push_select','general','products','select','yes,no','property',NULL,NULL,'no',2),('push_select_font','fonts',NULL,'font',NULL,'css','ul.product-option li span',NULL,'yes',15),('push_selected_background_color','colors','product_page','color',NULL,'css','ul.product-option li.selected span','background-color','no',9),('push_selected_color','colors','product_page','color',NULL,'css','ul.product-option li.selected span','color','no',9),('refine_subcategories','general','general_options','select','yes,no','property',NULL,NULL,'no',NULL),('responsive_design','general','general_options','select','yes,no','property',NULL,NULL,'no',-10),('sale_product_badge','general','sale_badge','select','block,none','css','.sale','display','no',1),('sale_product_badge_background_color','general','sale_badge','color',NULL,'css','.sale','background-color','no',3),('sale_product_badge_color','general','sale_badge','color',NULL,'css','.sale','color','no',2),('sale_product_badge_font','general','sale_badge','font',NULL,'css','.sale',NULL,'yes',4),('scroll_top_image','general','general_options','upload',NULL,'property',NULL,NULL,'no',3),('scroll_top_img_options','general','general_options','select','none,left,right','property',NULL,NULL,'no',4),('search_background_color','colors','header','color',NULL,'css','#search','background-color','no',20),('secondary_title_color','colors','main','color',NULL,'css','#content h2','color','no',11),('secondary_title_font','fonts',NULL,'font',NULL,'css','#content h2',NULL,'yes',4),('share_plugin','general','products','select','none,add,share','property',NULL,NULL,'no',5),('side_module_background_color','colors','side_module','color',NULL,'css','.side-shade','background-color','no',1),('side_module_font','fonts',NULL,'font',NULL,'css','#column-right .box-category > ul > li > a, #column-right .box-content > ul > li > a,\n#column-right .box-category > ul > li ul > li > a',NULL,'yes',12),('side_module_link_active_color','colors','side_module','color',NULL,'css','#column-right .box-content ul li a.active','color','no',4),('side_module_link_color','colors','side_module','color',NULL,'css','#column-right .box-category > ul > li > a, #column-right .box-category > ul > li ul > li > a, #column-right .box-category > ul > li ul > li > a, #column-right .box-content > ul > li > a, #column-right .blogCategories > ul > li > a, #column-right #blogArchive > li > a, #column-right .blogArchives ul ul > li > a\n','color','no',2),('side_module_link_hover_background_color','colors','side_module','color',NULL,'css','#column-right .box-content > ul > li > a:hover, #column-right .box-category > ul > li > a:hover, #column-right .box-content ul li a:hover, #column-right #blogArchive > li > a:hover','background-color','no',3),('side_module_product_background_color','colors','side_module','color',NULL,'css','#column-right .box-product > div, #column-right .prod > li','background-color','no',6),('side_module_product_border_color','colors','side_module','color',NULL,'css','#column-right .box-product > div, #column-right .box-product > div:first-child, #column-right .prod > li, #column-right .prod > li:first-child','border-color','no',5),('side_shade_bg_image','general','backgrounds','upload',NULL,'css','.side-shade','background-image: url(%s)','no',NULL),('slider_arrows_background_color','colors','slider','color',NULL,'css','.camera_prev, .camera_next, .camera_commands','background-color','no',3),('slider_arrows_color','colors','slider','color',NULL,'css','.camera_prev, .camera_next, .camera_commands','color','no',1),('slider_arrows_hover_background_color','colors','slider','color',NULL,'css','.camera_prev:hover, .camera_next:hover, .camera_commands:hover','background-color','no',4),('slider_arrows_hover_color','colors','slider','color',NULL,'css','.camera_prev:hover, .camera_next:hover, .camera_commands:hover','color','no',2),('slider_bar_timer','colors','slider','color',NULL,'css','.camera_bar_cont span','background-color','no',1),('slider_bullets_active_color','colors','slider','color',NULL,'css','.camera_wrap .camera_pag .camera_pag_ul li.cameracurrent, \n.camera_wrap .camera_pag .camera_pag_ul li:hover','background-color','no',6),('slider_bullets_color','colors','slider','color',NULL,'css','\n.camera_wrap .camera_pag .camera_pag_ul li','background-color','no',5),('slider_caption_background_color','colors','slider','color',NULL,'css','.caption','background-color','no',8),('slider_caption_color','colors','slider','color',NULL,'css','.caption','color','no',7),('slider_caption_font','fonts',NULL,'font',NULL,'css','.caption',NULL,'yes',9),('stepper_input','general','products','select','yes,no','property',NULL,NULL,'no',3),('subcategories_background_color','colors','categories','color',NULL,'css','.category-list','background-color','no',3),('subcategories_color','colors','categories','color',NULL,'css','.category-list ul li a, .category-list ul > li:before','color','no',1),('subcategories_hover_color','colors','categories','color',NULL,'css','.category-list ul li a:hover','color','no',2),('tab_selected_color','colors','product_page','color',NULL,'css','.htabs a.selected','color','no',12),('top_header_bg_color','colors','header','color',NULL,'css','header .top-header','background-color','no',1),('top_links_background_color','colors','header','color',NULL,'css','.top-links a','background-color','no',2),('top_links_background_hover_color','colors','header','color',NULL,'css','.top-links a.link:hover','background-color','no',2),('top_links_color','colors','header','color',NULL,'css','.top-links a','color','no',2),('top_menu','menus','top_menu','menu',NULL,'property',NULL,NULL,'yes',NULL),('transparent_overlay','general','backgrounds','select','block,none','css','.overlay','display','no',NULL),('transparent_overlay_image','general','backgrounds','upload',NULL,'css','.overlay','background-image: url(%s)','no',NULL),('twitter_profile','footer','social','text',NULL,'property',NULL,NULL,'no',3),('vimeo_profile','footer','social','text',NULL,'property',NULL,NULL,'no',7),('welcome_bg_color','colors','header','color',NULL,'css','#journal-header .welcome','background-color','no',19),('welcome_text','general','general_options','select','left,center,right','property',NULL,NULL,'no',2),('welcome_text_color','colors','main','color',NULL,'css','#content .welcome + p','color','no',16),('welcome_text_font','fonts',NULL,'font',NULL,'css','#content .welcome + p',NULL,'yes',1),('welcome_title_color','colors','main','color',NULL,'css','#content .welcome','color','no',15),('welcome_title_font','fonts',NULL,'font',NULL,'css','#content .welcome',NULL,'yes',0),('youtube_profile','footer','social','text',NULL,'property',NULL,NULL,'no',6);
/*!40000 ALTER TABLE `dev_1551_1_journal_cp_settings` ENABLE KEYS */;
UNLOCK TABLES;

--
-- Table structure for table `dev_1551_1_journal_cp_subcategories`
--

DROP TABLE IF EXISTS `dev_1551_1_journal_cp_subcategories`;
/*!40101 SET @saved_cs_client     = @@character_set_client */;
/*!40101 SET character_set_client = utf8 */;
CREATE TABLE `dev_1551_1_journal_cp_subcategories` (
  `subcategory_name` varchar(64) COLLATE utf8_bin NOT NULL,
  `category_name` varchar(64) COLLATE utf8_bin NOT NULL,
  `sort_order` int(11) DEFAULT NULL,
  PRIMARY KEY (`subcategory_name`),
  KEY `category_name` (`category_name`),
  CONSTRAINT `dev_1551_1_journal_cp_subcategories_ibfk_1` FOREIGN KEY (`category_name`) REFERENCES `dev_1551_1_journal_cp_categories` (`category_name`) ON DELETE CASCADE ON UPDATE CASCADE
) ENGINE=InnoDB DEFAULT CHARSET=utf8 COLLATE=utf8_bin;
/*!40101 SET character_set_client = @saved_cs_client */;

--
-- Dumping data for table `dev_1551_1_journal_cp_subcategories`
--

LOCK TABLES `dev_1551_1_journal_cp_subcategories` WRITE;
/*!40000 ALTER TABLE `dev_1551_1_journal_cp_subcategories` DISABLE KEYS */;
INSERT INTO `dev_1551_1_journal_cp_subcategories` VALUES ('backgrounds','general',3),('categories','colors',5),('categories_menu','menus',2),('contacts','footer',1),('copyright_text','footer',4),('custom_css','custom_code',1),('custom_js','custom_code',2),('custom_text','footer',3),('filter','colors',4),('footer','colors',8),('general_options','general',1),('header','colors',2),('main','colors',1),('payment_images','footer',5),('preloader','general',1),('product_page','colors',5),('products','general',4),('sale_badge','general',5),('side_module','colors',6),('slider','colors',3),('social','footer',2),('top_menu','menus',1);
/*!40000 ALTER TABLE `dev_1551_1_journal_cp_subcategories` ENABLE KEYS */;
UNLOCK TABLES;

--
-- Table structure for table `dev_1551_1_journal_cp_theme_settings`
--

DROP TABLE IF EXISTS `dev_1551_1_journal_cp_theme_settings`;
/*!40101 SET @saved_cs_client     = @@character_set_client */;
/*!40101 SET character_set_client = utf8 */;
CREATE TABLE `dev_1551_1_journal_cp_theme_settings` (
  `theme_id` varchar(64) COLLATE utf8_bin NOT NULL,
  `setting_name` varchar(64) COLLATE utf8_bin NOT NULL,
  `value` text COLLATE utf8_bin NOT NULL,
  `default_value` text COLLATE utf8_bin NOT NULL,
  PRIMARY KEY (`theme_id`,`setting_name`),
  KEY `theme_id` (`theme_id`),
  KEY `setting_name` (`setting_name`),
  CONSTRAINT `dev_1551_1_journal_cp_theme_settings_ibfk_1` FOREIGN KEY (`theme_id`) REFERENCES `dev_1551_1_journal_cp_themes` (`theme_id`) ON DELETE CASCADE ON UPDATE CASCADE,
  CONSTRAINT `dev_1551_1_journal_cp_theme_settings_ibfk_3` FOREIGN KEY (`setting_name`) REFERENCES `dev_1551_1_journal_cp_settings` (`name`) ON DELETE CASCADE ON UPDATE CASCADE
) ENGINE=InnoDB DEFAULT CHARSET=utf8 COLLATE=utf8_bin;
/*!40101 SET character_set_client = @saved_cs_client */;

--
-- Dumping data for table `dev_1551_1_journal_cp_theme_settings`
--

LOCK TABLES `dev_1551_1_journal_cp_theme_settings` WRITE;
/*!40000 ALTER TABLE `dev_1551_1_journal_cp_theme_settings` DISABLE KEYS */;
INSERT INTO `dev_1551_1_journal_cp_theme_settings` VALUES ('journal_i','background_color','EEEEEE','EEEEEE'),('journal_i','background_pattern','data/journal/pat.jpg','data/journal/pat.jpg'),('journal_i','body_font_color','222222','222222'),('journal_i','border_color','DBDBDB','DBDBDB'),('journal_i','breadcrumb_background_color','333745','333745'),('journal_i','breadcrumb_color','F4F4F4','F4F4F4'),('journal_i','breadcrumb_hover_color','EA2E49','EA2E49'),('journal_i','caption_link_color','FFB527','FFB527'),('journal_i','caption_link_hover_color','24BEED','24BEED'),('journal_i','categories_menu','[]','[]'),('journal_i','categories_menu_background_color','5F6874','5F6874'),('journal_i','categories_menu_border_color','2A2B2E','2A2B2E'),('journal_i','categories_menu_color','FFFFFF','FFFFFF'),('journal_i','categories_menu_dropdown_background_color','FFFFFF','FFFFFF'),('journal_i','categories_menu_dropdown_font','{\"font-family\":\"Helvetica, sans-serif\",\"font-size\":\"13\",\"font-weight\":\"normal\",\"font-style\":\"normal\",\"text-transform\":\"none\"}','{\"font-family\":\"Helvetica, sans-serif\",\"font-size\":\"13\",\"font-weight\":\"normal\",\"font-style\":\"normal\",\"text-transform\":\"none\"}'),('journal_i','categories_menu_dropdown_hover_color','EA2E49','EA2E49'),('journal_i','categories_menu_hover_color','EA2E49','EA2E49'),('journal_i','categories_pagination_background_color','333333','333333'),('journal_i','categories_pagination_color','BBBBBB','BBBBBB'),('journal_i','categories_pagination_hover_background_color','EA2E49','EA2E49'),('journal_i','categories_product_background_color','F4F4F4','F4F4F4'),('journal_i','categories_product_description_color','222222','222222'),('journal_i','categories_product_filter_background_color','F4F4F4','F4F4F4'),('journal_i','categories_product_filter_color','2A2B2E','2A2B2E'),('journal_i','categories_product_name_color','333333','333333'),('journal_i','categories_product_price_color','222222','222222'),('journal_i','categories_product_rollover_background_color','000000','000000'),('journal_i','categories_product_rollover_opacity','.04','.04'),('journal_i','category_product_name_font','{\"font-family\":\"Helvetica, sans-serif\",\"font-size\":\"13\",\"font-weight\":\"normal\",\"font-style\":\"normal\",\"text-transform\":\"none\"}','{\"font-family\":\"Helvetica, sans-serif\",\"font-size\":\"13\",\"font-weight\":\"normal\",\"font-style\":\"normal\",\"text-transform\":\"none\"}'),('journal_i','category_product_price_font','{\"font-family\":\"Helvetica, sans-serif\",\"font-size\":\"15\",\"font-weight\":\"bold\",\"font-style\":\"normal\",\"text-transform\":\"none\"}','{\"font-family\":\"Helvetica, sans-serif\",\"font-size\":\"15\",\"font-weight\":\"bold\",\"font-style\":\"normal\",\"text-transform\":\"none\"}'),('journal_i','cloud_zoom','yes','yes'),('journal_i','contact_methods','[{\"img\":\"data\\/journal\\/phone.png\",\"name\":{\"1\":\"1800-555-3838\"},\"link\":\"\",\"sort_order\":\"\",\"new_window\":\"0\"},{\"img\":\"data\\/journal\\/mail.png\",\"name\":{\"1\":\"info@yourstore.com\"},\"link\":\"\",\"sort_order\":\"\",\"new_window\":\"0\"},{\"img\":\"data\\/journal\\/arrow.png\",\"name\":{\"1\":\"Custom Link\"},\"link\":\"https:\\/\\/www.google.com\\/\",\"sort_order\":\"\",\"new_window\":\"1\"}]','[{\"img\":\"data\\/journal\\/phone.png\",\"name\":{\"1\":\"1800-555-3838\"},\"link\":\"\",\"sort_order\":\"\",\"new_window\":\"0\"},{\"img\":\"data\\/journal\\/mail.png\",\"name\":{\"1\":\"info@yourstore.com\"},\"link\":\"\",\"sort_order\":\"\",\"new_window\":\"0\"},{\"img\":\"data\\/journal\\/arrow.png\",\"name\":{\"1\":\"Custom Link\"},\"link\":\"https:\\/\\/www.google.com\\/\",\"sort_order\":\"\",\"new_window\":\"1\"}]'),('journal_i','container_bg_image','',''),('journal_i','copyright','&lt;p&gt;&lt;span style=&quot;margin: 0px; padding: 0px; outline: none; border: none; list-style: none; line-height: 1; -webkit-backface-visibility: hidden; box-sizing: border-box; font-family: \'Helvetica Neue\', Helvetica, Arial, sans-serif; text-align: center;&quot;&gt;© 2012, Journal Theme by&amp;nbsp;&lt;a href=&quot;http://www.digital-atelier.com/&quot; target=&quot;_blank&quot;&gt;Digital Atelier&lt;/a&gt;&lt;/span&gt;&lt;span style=&quot;font-family: \'Helvetica Neue\', Helvetica, Arial, sans-serif; line-height: 16px; text-align: center;&quot;&gt;&lt;a href=&quot;http://www.digital-atelier.com/&quot;&gt;.&lt;/a&gt;&amp;nbsp;&lt;/span&gt;&lt;span style=&quot;margin: 0px; padding: 0px; outline: none; border: none; list-style: none; line-height: 1; -webkit-backface-visibility: hidden; box-sizing: border-box; font-family: \'Helvetica Neue\', Helvetica, Arial, sans-serif; text-align: center;&quot;&gt;Powered by&lt;/span&gt;&lt;span style=&quot;font-family: \'Helvetica Neue\', Helvetica, Arial, sans-serif; line-height: 16px; text-align: center;&quot;&gt;&amp;nbsp;&lt;a href=&quot;http://www.opencart.com/&quot; target=&quot;_blank&quot;&gt;OpenCart&lt;/a&gt;.&lt;/span&gt;&lt;/p&gt;\r\n','&lt;p&gt;&lt;span style=&quot;margin: 0px; padding: 0px; outline: none; border: none; list-style: none; line-height: 1; -webkit-backface-visibility: hidden; box-sizing: border-box; font-family: \'Helvetica Neue\', Helvetica, Arial, sans-serif; text-align: center;&quot;&gt;© 2012, Journal Theme by&amp;nbsp;&lt;a href=&quot;http://www.digital-atelier.com/&quot; target=&quot;_blank&quot;&gt;Digital Atelier&lt;/a&gt;&lt;/span&gt;&lt;span style=&quot;font-family: \'Helvetica Neue\', Helvetica, Arial, sans-serif; line-height: 16px; text-align: center;&quot;&gt;&lt;a href=&quot;http://www.digital-atelier.com/&quot;&gt;.&lt;/a&gt;&amp;nbsp;&lt;/span&gt;&lt;span style=&quot;margin: 0px; padding: 0px; outline: none; border: none; list-style: none; line-height: 1; -webkit-backface-visibility: hidden; box-sizing: border-box; font-family: \'Helvetica Neue\', Helvetica, Arial, sans-serif; text-align: center;&quot;&gt;Powered by&lt;/span&gt;&lt;span style=&quot;font-family: \'Helvetica Neue\', Helvetica, Arial, sans-serif; line-height: 16px; text-align: center;&quot;&gt;&amp;nbsp;&lt;a href=&quot;http://www.opencart.com/&quot; target=&quot;_blank&quot;&gt;OpenCart&lt;/a&gt;.&lt;/span&gt;&lt;/p&gt;\r\n'),('journal_i','custom_css','/* enter your custom javascript css here */\r\n','/* enter your custom javascript css here */\r\n'),('journal_i','custom_footer_text','&lt;p&gt;Journal is a premium, multi-purpose OpenCart ecommerce theme suited for modern online stores. Journal offers impressive features such as a powerful admin with hundreds of options including the ability to save everything as custom themes and the versitile Journal Filtering System, a very powerful module that lets you build custom categories of products and sort them with smooth css animations. Buy Journal today and take full control over your store!&lt;/p&gt;\r\n','&lt;p&gt;Journal is a premium, multi-purpose OpenCart ecommerce theme suited for modern online stores. Journal offers impressive features such as a powerful admin with hundreds of options including the ability to save everything as custom themes and the versitile Journal Filtering System, a very powerful module that lets you build custom categories of products and sort them with smooth css animations. Buy Journal today and take full control over your store!&lt;/p&gt;\r\n'),('journal_i','custom_js','/* enter your custom javascript code here */\r\n','/* enter your custom javascript code here */\r\n'),('journal_i','extended_filter','yes','yes'),('journal_i','facebook_likebox','',''),('journal_i','facebook_profile','https://www.facebook.com','https://www.facebook.com'),('journal_i','filter_categories_background_color','EA2E49','EA2E49'),('journal_i','filter_categories_border_color','FFFFFF','FFFFFF'),('journal_i','filter_categories_color','F4F4F4','F4F4F4'),('journal_i','filter_categories_hover_background_color','F4F4F4','F4F4F4'),('journal_i','filter_categories_hover_color','EA2E49','EA2E49'),('journal_i','filter_titles_font','{\"font-family\":\"Oswald\",\"font-size\":\"15\",\"font-weight\":\"normal\",\"font-style\":\"normal\",\"text-transform\":\"uppercase\"}','{\"font-family\":\"Oswald\",\"font-size\":\"15\",\"font-weight\":\"normal\",\"font-style\":\"normal\",\"text-transform\":\"uppercase\"}'),('journal_i','flickr_profile','http://www.flickr.com','http://www.flickr.com'),('journal_i','footer_background_color','333745','333745'),('journal_i','footer_bg_image','',''),('journal_i','footer_border_color','555555','555555'),('journal_i','footer_bottom_background_color','F4F4F4','F4F4F4'),('journal_i','footer_contact_icons_background_color','333745','333745'),('journal_i','footer_contact_icons_hover_background_color','EA2E49','EA2E49'),('journal_i','footer_contacts_background_color','3F5765','3F5765'),('journal_i','footer_contacts_color','F4F4F4','F4F4F4'),('journal_i','footer_contacts_font','{\"font-family\":\"Helvetica, sans-serif\",\"font-size\":\"16\",\"font-weight\":\"bold\",\"font-style\":\"normal\",\"text-transform\":\"none\"}','{\"font-family\":\"Helvetica, sans-serif\",\"font-size\":\"16\",\"font-weight\":\"bold\",\"font-style\":\"normal\",\"text-transform\":\"none\"}'),('journal_i','footer_contacts_hover_color','EA2E49','EA2E49'),('journal_i','footer_copyright_color','333745','333745'),('journal_i','footer_custom_text_color','F4F4F4','F4F4F4'),('journal_i','footer_headings_color','F4F4F4','F4F4F4'),('journal_i','footer_headings_font','{\"font-family\":\"Oswald\",\"font-size\":\"15\",\"font-weight\":\"normal\",\"font-style\":\"normal\",\"text-transform\":\"uppercase\"}','{\"font-family\":\"Oswald\",\"font-size\":\"15\",\"font-weight\":\"normal\",\"font-style\":\"normal\",\"text-transform\":\"uppercase\"}'),('journal_i','footer_links_color','F4F4F4','F4F4F4'),('journal_i','footer_links_font','{\"font-family\":\"Helvetica, sans-serif\",\"font-size\":\"14\",\"font-weight\":\"normal\",\"font-style\":\"normal\",\"text-transform\":\"none\"}','{\"font-family\":\"Helvetica, sans-serif\",\"font-size\":\"14\",\"font-weight\":\"normal\",\"font-style\":\"normal\",\"text-transform\":\"none\"}'),('journal_i','footer_links_hover_color','EA2E49','EA2E49'),('journal_i','general_buttons_background_color','EA2E49','EA2E49'),('journal_i','general_buttons_color','FFFFFF','FFFFFF'),('journal_i','general_buttons_hover_background_color','5C8BA6','5C8BA6'),('journal_i','general_buttons_hover_color','FFFFFF','FFFFFF'),('journal_i','global_buttons_font','{\"font-family\":\"Oswald\",\"font-size\":\"14\",\"font-weight\":\"normal\",\"font-style\":\"normal\",\"text-transform\":\"uppercase\"}','{\"font-family\":\"Oswald\",\"font-size\":\"14\",\"font-weight\":\"normal\",\"font-style\":\"normal\",\"text-transform\":\"uppercase\"}'),('journal_i','gplus_profile','https://plus.google.com','https://plus.google.com'),('journal_i','header_bg_color','F4F4F4','F4F4F4'),('journal_i','header_bg_image','',''),('journal_i','header_cart_background_color','EA2E49','EA2E49'),('journal_i','header_cart_color','FFFFFF','FFFFFF'),('journal_i','header_cart_content_background_color','FFFFFF','FFFFFF'),('journal_i','header_cart_content_color','222222','222222'),('journal_i','header_cart_font','{\"font-family\":\"Helvetica, sans-serif\",\"font-size\":\"14\",\"font-weight\":\"bold\",\"font-style\":\"normal\",\"text-transform\":\"none\"}','{\"font-family\":\"Helvetica, sans-serif\",\"font-size\":\"14\",\"font-weight\":\"bold\",\"font-style\":\"normal\",\"text-transform\":\"none\"}'),('journal_i','header_cart_icon','a','a'),('journal_i','header_category_menu_font','{\"font-family\":\"Oswald\",\"font-size\":\"13\",\"font-weight\":\"normal\",\"font-style\":\"normal\",\"text-transform\":\"uppercase\"}','{\"font-family\":\"Oswald\",\"font-size\":\"13\",\"font-weight\":\"normal\",\"font-style\":\"normal\",\"text-transform\":\"uppercase\"}'),('journal_i','header_dropdown_color','2A2B2E','2A2B2E'),('journal_i','header_top_links_font','{\"font-family\":\"Oswald\",\"font-size\":\"11\",\"font-weight\":\"normal\",\"font-style\":\"normal\",\"text-transform\":\"uppercase\"}','{\"font-family\":\"Oswald\",\"font-size\":\"11\",\"font-weight\":\"normal\",\"font-style\":\"normal\",\"text-transform\":\"uppercase\"}'),('journal_i','header_type','yes','yes'),('journal_i','links_color','5C8BA6','5C8BA6'),('journal_i','links_hover_color','EA2E49','EA2E49'),('journal_i','login_link_color','EA2E49','EA2E49'),('journal_i','login_link_hover_color','5C8BA6','5C8BA6'),('journal_i','logo_background_color','FFFFFF','FFFFFF'),('journal_i','main_content_color','FFFFFF','FFFFFF'),('journal_i','main_font','{\"font-family\":\"Helvetica, sans-serif\",\"font-size\":\"13\",\"font-weight\":\"normal\",\"font-style\":\"normal\",\"text-transform\":\"none\"}','{\"font-family\":\"Helvetica, sans-serif\",\"font-size\":\"13\",\"font-weight\":\"normal\",\"font-style\":\"normal\",\"text-transform\":\"none\"}'),('journal_i','main_title_background_color','EA2E49','EA2E49'),('journal_i','main_title_color','FFFFFF','FFFFFF'),('journal_i','main_titles_font','{\"font-family\":\"Oswald\",\"font-size\":\"16\",\"font-weight\":\"normal\",\"font-style\":\"normal\",\"text-transform\":\"uppercase\"}','{\"font-family\":\"Oswald\",\"font-size\":\"16\",\"font-weight\":\"normal\",\"font-style\":\"normal\",\"text-transform\":\"uppercase\"}'),('journal_i','mobile_menu_title','Shop','Shop'),('journal_i','payment_images','[{\"img\":\"data\\/journal\\/ax.png\",\"name\":{\"1\":\"\"},\"link\":\"\",\"sort_order\":\"\",\"new_window\":\"1\"},{\"img\":\"data\\/journal\\/mc.png\",\"name\":{\"1\":\"\"},\"link\":\"\",\"sort_order\":\"\",\"new_window\":\"1\"},{\"img\":\"data\\/journal\\/maestro.png\",\"name\":{\"1\":\"\"},\"link\":\"\",\"sort_order\":\"\",\"new_window\":\"1\"},{\"img\":\"data\\/journal\\/disc.png\",\"name\":{\"1\":\"\"},\"link\":\"\",\"sort_order\":\"\",\"new_window\":\"1\"},{\"img\":\"data\\/journal\\/pp.png\",\"name\":{\"1\":\"\"},\"link\":\"\",\"sort_order\":\"\",\"new_window\":\"1\"},{\"img\":\"data\\/journal\\/visa.png\",\"name\":{\"1\":\"\"},\"link\":\"\",\"sort_order\":\"\",\"new_window\":\"1\"}]','[{\"img\":\"data\\/journal\\/ax.png\",\"name\":{\"1\":\"\"},\"link\":\"\",\"sort_order\":\"\",\"new_window\":\"1\"},{\"img\":\"data\\/journal\\/mc.png\",\"name\":{\"1\":\"\"},\"link\":\"\",\"sort_order\":\"\",\"new_window\":\"1\"},{\"img\":\"data\\/journal\\/maestro.png\",\"name\":{\"1\":\"\"},\"link\":\"\",\"sort_order\":\"\",\"new_window\":\"1\"},{\"img\":\"data\\/journal\\/disc.png\",\"name\":{\"1\":\"\"},\"link\":\"\",\"sort_order\":\"\",\"new_window\":\"1\"},{\"img\":\"data\\/journal\\/pp.png\",\"name\":{\"1\":\"\"},\"link\":\"\",\"sort_order\":\"\",\"new_window\":\"1\"},{\"img\":\"data\\/journal\\/visa.png\",\"name\":{\"1\":\"\"},\"link\":\"\",\"sort_order\":\"\",\"new_window\":\"1\"}]'),('journal_i','pinterest_profile','http://www.pinterest.com','http://www.pinterest.com'),('journal_i','preloader_color','FFFFFF','FFFFFF'),('journal_i','preloader_image','',''),('journal_i','preloader_visibility','block','block'),('journal_i','product_add_cart_background_color','EA2E49','EA2E49'),('journal_i','product_add_cart_color','FFFFFF','FFFFFF'),('journal_i','product_add_cart_font','{\"font-family\":\"Oswald\",\"font-size\":\"15\",\"font-weight\":\"normal\",\"font-style\":\"normal\",\"text-transform\":\"uppercase\"}','{\"font-family\":\"Oswald\",\"font-size\":\"15\",\"font-weight\":\"normal\",\"font-style\":\"normal\",\"text-transform\":\"uppercase\"}'),('journal_i','product_add_cart_hover_background_color','5C8BA6','5C8BA6'),('journal_i','product_add_cart_hover_color','FFFFFF','FFFFFF'),('journal_i','product_hover','hover2','hover2'),('journal_i','product_old_price_background_color','EA2E49','EA2E49'),('journal_i','product_old_price_color','FFFFFF','FFFFFF'),('journal_i','product_options_background_color','F4F4F4','F4F4F4'),('journal_i','product_price_color','222222','222222'),('journal_i','product_price_font','{\"font-family\":\"Oswald\",\"font-size\":\"22\",\"font-weight\":\"normal\",\"font-style\":\"normal\",\"text-transform\":\"uppercase\"}','{\"font-family\":\"Oswald\",\"font-size\":\"22\",\"font-weight\":\"normal\",\"font-style\":\"normal\",\"text-transform\":\"uppercase\"}'),('journal_i','product_tabs_background_color','EA2E49','EA2E49'),('journal_i','product_tabs_color','FFFFFF','FFFFFF'),('journal_i','product_tabs_content','F4F4F4','F4F4F4'),('journal_i','product_tabs_font','{\"font-family\":\"Oswald\",\"font-size\":\"15\",\"font-weight\":\"normal\",\"font-style\":\"normal\",\"text-transform\":\"uppercase\"}','{\"font-family\":\"Oswald\",\"font-size\":\"15\",\"font-weight\":\"normal\",\"font-style\":\"normal\",\"text-transform\":\"uppercase\"}'),('journal_i','product_tabs_selected_background_color','F4F4F4','F4F4F4'),('journal_i','push_background_color','FFFFFF','FFFFFF'),('journal_i','push_color','333333','333333'),('journal_i','push_select','no','no'),('journal_i','push_select_font','{\"font-family\":\"Helvetica, sans-serif\",\"font-size\":\"14\",\"font-weight\":\"bold\",\"font-style\":\"normal\",\"text-transform\":\"uppercase\"}','{\"font-family\":\"Helvetica, sans-serif\",\"font-size\":\"14\",\"font-weight\":\"bold\",\"font-style\":\"normal\",\"text-transform\":\"uppercase\"}'),('journal_i','push_selected_background_color','EA2E49','EA2E49'),('journal_i','push_selected_color','FFFFFF','FFFFFF'),('journal_i','refine_subcategories','no','no'),('journal_i','responsive_design','yes','yes'),('journal_i','sale_product_badge','block','block'),('journal_i','sale_product_badge_background_color','EA2E49','EA2E49'),('journal_i','sale_product_badge_color','FFFFFF','FFFFFF'),('journal_i','sale_product_badge_font','{\"font-family\":\"Helvetica, sans-serif\",\"font-size\":\"14\",\"font-weight\":\"normal\",\"text-transform\":\"none\"}','{\"font-family\":\"Helvetica, sans-serif\",\"font-size\":\"14\",\"font-weight\":\"normal\",\"text-transform\":\"none\"}'),('journal_i','scroll_top_image','data/journal/back-top2.png','data/journal/back-top2.png'),('journal_i','scroll_top_img_options','right','right'),('journal_i','search_background_color','FFFFFF','FFFFFF'),('journal_i','secondary_title_color','5C8BA6','5C8BA6'),('journal_i','secondary_title_font','{\"font-family\":\"Helvetica, sans-serif\",\"font-size\":\"17\",\"font-weight\":\"bold\",\"font-style\":\"normal\",\"text-transform\":\"none\"}','{\"font-family\":\"Helvetica, sans-serif\",\"font-size\":\"17\",\"font-weight\":\"bold\",\"font-style\":\"normal\",\"text-transform\":\"none\"}'),('journal_i','share_plugin','share','share'),('journal_i','side_module_background_color','F4F4F4','F4F4F4'),('journal_i','side_module_font','{\"font-family\":\"Helvetica, sans-serif\",\"font-size\":\"13\",\"font-weight\":\"normal\",\"font-style\":\"normal\",\"text-transform\":\"none\"}','{\"font-family\":\"Helvetica, sans-serif\",\"font-size\":\"13\",\"font-weight\":\"normal\",\"font-style\":\"normal\",\"text-transform\":\"none\"}'),('journal_i','side_module_link_active_color','EA2E49','EA2E49'),('journal_i','side_module_link_color','333333','333333'),('journal_i','side_module_link_hover_background_color','FFFFFF','FFFFFF'),('journal_i','side_module_product_background_color','FFFFFF','FFFFFF'),('journal_i','side_module_product_border_color','F4F4F4','F4F4F4'),('journal_i','side_shade_bg_image','',''),('journal_i','slider_arrows_background_color','',''),('journal_i','slider_arrows_color','FFFFFF','FFFFFF'),('journal_i','slider_arrows_hover_background_color','',''),('journal_i','slider_arrows_hover_color','EA2E49','EA2E49'),('journal_i','slider_bar_timer','FFFFFF','FFFFFF'),('journal_i','slider_bullets_active_color','EA2E49','EA2E49'),('journal_i','slider_bullets_color','FFFFFF','FFFFFF'),('journal_i','slider_caption_background_color','EA2E49','EA2E49'),('journal_i','slider_caption_color','FFFFFF','FFFFFF'),('journal_i','slider_caption_font','{\"font-family\":\"Helvetica, sans-serif\",\"font-size\":\"15\",\"font-weight\":\"normal\",\"font-style\":\"normal\",\"text-transform\":\"none\"}','{\"font-family\":\"Helvetica, sans-serif\",\"font-size\":\"15\",\"font-weight\":\"normal\",\"font-style\":\"normal\",\"text-transform\":\"none\"}'),('journal_i','stepper_input','yes','yes'),('journal_i','subcategories_background_color','5F6874','5F6874'),('journal_i','subcategories_color','FFFFFF','FFFFFF'),('journal_i','subcategories_hover_color','EA2E49','EA2E49'),('journal_i','tab_selected_color','333333','333333'),('journal_i','top_header_bg_color','F4F4F4','F4F4F4'),('journal_i','top_links_background_color','',''),('journal_i','top_links_background_hover_color','FFFFFF','FFFFFF'),('journal_i','top_links_color','222222','222222'),('journal_i','top_menu','[]','[]'),('journal_i','transparent_overlay','none','none'),('journal_i','transparent_overlay_image','',''),('journal_i','twitter_profile','http://www.twitter.com','http://www.twitter.com'),('journal_i','vimeo_profile','http://www.vimeo.com','http://www.vimeo.com'),('journal_i','welcome_bg_color','',''),('journal_i','welcome_text','left','left'),('journal_i','welcome_text_color','222222','222222'),('journal_i','welcome_text_font','{\"font-family\":\"Helvetica, sans-serif\",\"font-size\":\"14\",\"font-weight\":\"normal\",\"font-style\":\"normal\",\"text-transform\":\"none\"}','{\"font-family\":\"Helvetica, sans-serif\",\"font-size\":\"14\",\"font-weight\":\"normal\",\"font-style\":\"normal\",\"text-transform\":\"none\"}'),('journal_i','welcome_title_color','222222','222222'),('journal_i','welcome_title_font','{\"font-family\":\"Oswald\",\"font-size\":\"20\",\"font-weight\":\"normal\",\"font-style\":\"normal\",\"text-transform\":\"uppercase\"}','{\"font-family\":\"Oswald\",\"font-size\":\"20\",\"font-weight\":\"normal\",\"font-style\":\"normal\",\"text-transform\":\"uppercase\"}'),('journal_i','youtube_profile','http://www.youtube.com','http://www.youtube.com'),('journal_ii','background_color','444444','444444'),('journal_ii','background_pattern','',''),('journal_ii','body_font_color','F4F4F4','F4F4F4'),('journal_ii','border_color','555555','555555'),('journal_ii','breadcrumb_background_color','383838','383838'),('journal_ii','breadcrumb_color','FFFFFF','FFFFFF'),('journal_ii','breadcrumb_hover_color','588F27','588F27'),('journal_ii','caption_link_color','F4F4F4','F4F4F4'),('journal_ii','caption_link_hover_color','EA2E49','EA2E49'),('journal_ii','categories_menu','[]','[]'),('journal_ii','categories_menu_background_color','3F5765','3F5765'),('journal_ii','categories_menu_border_color','2A2B2E','2A2B2E'),('journal_ii','categories_menu_color','FFFFFF','FFFFFF'),('journal_ii','categories_menu_dropdown_background_color','FFFFFF','FFFFFF'),('journal_ii','categories_menu_dropdown_font','{\"font-family\":\"Ubuntu\",\"font-size\":\"13\",\"font-weight\":\"normal\",\"font-style\":\"normal\",\"text-transform\":\"none\"}','{\"font-family\":\"Ubuntu\",\"font-size\":\"13\",\"font-weight\":\"normal\",\"font-style\":\"normal\",\"text-transform\":\"none\"}'),('journal_ii','categories_menu_dropdown_hover_color','588F27','588F27'),('journal_ii','categories_menu_hover_color','588F27','588F27'),('journal_ii','categories_pagination_background_color','505050','505050'),('journal_ii','categories_pagination_color','F4F4F4','F4F4F4'),('journal_ii','categories_pagination_hover_background_color','588F27','588F27'),('journal_ii','categories_product_background_color','505050','505050'),('journal_ii','categories_product_description_color','F4F4F4','F4F4F4'),('journal_ii','categories_product_filter_background_color','FFFFFF','FFFFFF'),('journal_ii','categories_product_filter_color','2A2B2E','2A2B2E'),('journal_ii','categories_product_name_color','F4F4F4','F4F4F4'),('journal_ii','categories_product_price_color','F4F4F4','F4F4F4'),('journal_ii','categories_product_rollover_background_color','000000','000000'),('journal_ii','categories_product_rollover_opacity','.1','.1'),('journal_ii','category_product_name_font','{\"font-family\":\"Ubuntu\",\"font-size\":\"13\",\"font-weight\":\"normal\",\"font-style\":\"normal\",\"text-transform\":\"none\"}','{\"font-family\":\"Ubuntu\",\"font-size\":\"13\",\"font-weight\":\"normal\",\"font-style\":\"normal\",\"text-transform\":\"none\"}'),('journal_ii','category_product_price_font','{\"font-family\":\"Ubuntu\",\"font-size\":\"15\",\"font-weight\":\"bold\",\"font-style\":\"normal\",\"text-transform\":\"none\"}','{\"font-family\":\"Ubuntu\",\"font-size\":\"15\",\"font-weight\":\"bold\",\"font-style\":\"normal\",\"text-transform\":\"none\"}'),('journal_ii','cloud_zoom','yes','yes'),('journal_ii','contact_methods','[]','[]'),('journal_ii','container_bg_image','',''),('journal_ii','copyright','&lt;p&gt;&lt;span style=&quot;margin: 0px; padding: 0px; outline: none; border: none; list-style: none; line-height: 1; -webkit-backface-visibility: hidden; -moz-box-sizing: border-box; font-family: \'Helvetica Neue\', Helvetica, Arial, sans-serif; text-align: center;&quot;&gt;© 2012, Journal Theme by&amp;nbsp;&lt;a href=&quot;http://www.digital-atelier.com/&quot; target=&quot;_blank&quot;&gt;Digital Atelier&lt;/a&gt;&lt;/span&gt;&lt;span style=&quot;font-family: \'Helvetica Neue\', Helvetica, Arial, sans-serif; line-height: 16px; text-align: center;&quot;&gt;&lt;a href=&quot;http://www.digital-atelier.com/&quot;&gt;.&lt;/a&gt;&amp;nbsp;&lt;/span&gt;&lt;span style=&quot;margin: 0px; padding: 0px; outline: none; border: none; list-style: none; line-height: 1; -webkit-backface-visibility: hidden; -moz-box-sizing: border-box; font-family: \'Helvetica Neue\', Helvetica, Arial, sans-serif; text-align: center;&quot;&gt;Powered by&lt;/span&gt;&lt;span style=&quot;font-family: \'Helvetica Neue\', Helvetica, Arial, sans-serif; line-height: 16px; text-align: center;&quot;&gt;&amp;nbsp;&lt;a href=&quot;http://www.opencart.com/&quot; target=&quot;_blank&quot;&gt;OpenCart&lt;/a&gt;.&lt;/span&gt;&lt;/p&gt;\r\n','&lt;p&gt;&lt;span style=&quot;margin: 0px; padding: 0px; outline: none; border: none; list-style: none; line-height: 1; -webkit-backface-visibility: hidden; -moz-box-sizing: border-box; font-family: \'Helvetica Neue\', Helvetica, Arial, sans-serif; text-align: center;&quot;&gt;© 2012, Journal Theme by&amp;nbsp;&lt;a href=&quot;http://www.digital-atelier.com/&quot; target=&quot;_blank&quot;&gt;Digital Atelier&lt;/a&gt;&lt;/span&gt;&lt;span style=&quot;font-family: \'Helvetica Neue\', Helvetica, Arial, sans-serif; line-height: 16px; text-align: center;&quot;&gt;&lt;a href=&quot;http://www.digital-atelier.com/&quot;&gt;.&lt;/a&gt;&amp;nbsp;&lt;/span&gt;&lt;span style=&quot;margin: 0px; padding: 0px; outline: none; border: none; list-style: none; line-height: 1; -webkit-backface-visibility: hidden; -moz-box-sizing: border-box; font-family: \'Helvetica Neue\', Helvetica, Arial, sans-serif; text-align: center;&quot;&gt;Powered by&lt;/span&gt;&lt;span style=&quot;font-family: \'Helvetica Neue\', Helvetica, Arial, sans-serif; line-height: 16px; text-align: center;&quot;&gt;&amp;nbsp;&lt;a href=&quot;http://www.opencart.com/&quot; target=&quot;_blank&quot;&gt;OpenCart&lt;/a&gt;.&lt;/span&gt;&lt;/p&gt;\r\n'),('journal_ii','custom_css','/* enter your custom css code here */','/* enter your custom css code here */'),('journal_ii','custom_footer_text','&lt;p&gt;This is custom HTML text edited from the Admin Panel.&amp;nbsp;Journal is a premium and responsive&amp;nbsp;OpenCart&amp;nbsp;theme suited for any type of&amp;nbsp;online stores. It offers impressive features such as a powerful admin with hundreds of options including the ability to save your own&amp;nbsp;custom skins&amp;nbsp;and the versitile Journal Custom Sections, a very powerful module which allows&amp;nbsp;you to build custom categories of products and sort them with smooth css animations. Buy&lt;span style=&quot;font-size: 15px;&quot;&gt;&amp;nbsp;&lt;/span&gt;Journal&amp;nbsp;today and take full control of&amp;nbsp;your store!&lt;/p&gt;\r\n','&lt;p&gt;This is custom HTML text edited from the Admin Panel.&amp;nbsp;Journal is a premium and responsive&amp;nbsp;OpenCart&amp;nbsp;theme suited for any type of&amp;nbsp;online stores. It offers impressive features such as a powerful admin with hundreds of options including the ability to save your own&amp;nbsp;custom skins&amp;nbsp;and the versitile Journal Custom Sections, a very powerful module which allows&amp;nbsp;you to build custom categories of products and sort them with smooth css animations. Buy&lt;span style=&quot;font-size: 15px;&quot;&gt;&amp;nbsp;&lt;/span&gt;Journal&amp;nbsp;today and take full control of&amp;nbsp;your store!&lt;/p&gt;\r\n'),('journal_ii','custom_js','/* enter your custom javascript code here */\r\n','/* enter your custom javascript code here */\r\n'),('journal_ii','extended_filter','yes','yes'),('journal_ii','facebook_likebox','',''),('journal_ii','facebook_profile','https://www.facebook.com','https://www.facebook.com'),('journal_ii','filter_categories_background_color','3F5765','3F5765'),('journal_ii','filter_categories_border_color','2A2B2E','2A2B2E'),('journal_ii','filter_categories_color','FFFFFF','FFFFFF'),('journal_ii','filter_categories_hover_background_color','588F27','588F27'),('journal_ii','filter_categories_hover_color','FFFFFF','FFFFFF'),('journal_ii','filter_titles_font','{\"font-family\":\"Ubuntu Condensed\",\"font-size\":\"15\",\"font-weight\":\"bold\",\"font-style\":\"normal\",\"text-transform\":\"uppercase\"}','{\"font-family\":\"Ubuntu Condensed\",\"font-size\":\"15\",\"font-weight\":\"bold\",\"font-style\":\"normal\",\"text-transform\":\"uppercase\"}'),('journal_ii','flickr_profile','http://www.flickr.com','http://www.flickr.com'),('journal_ii','footer_background_color','333333','333333'),('journal_ii','footer_bg_image','',''),('journal_ii','footer_border_color','777777','777777'),('journal_ii','footer_bottom_background_color','383838','383838'),('journal_ii','footer_contact_icons_background_color','383838','383838'),('journal_ii','footer_contact_icons_hover_background_color','588F27','588F27'),('journal_ii','footer_contacts_background_color','3F5765','3F5765'),('journal_ii','footer_contacts_color','F4F4F4','F4F4F4'),('journal_ii','footer_contacts_font','{\"font-family\":\"Ubuntu\",\"font-size\":\"15\",\"font-weight\":\"bold\",\"font-style\":\"normal\",\"text-transform\":\"none\"}','{\"font-family\":\"Ubuntu\",\"font-size\":\"15\",\"font-weight\":\"bold\",\"font-style\":\"normal\",\"text-transform\":\"none\"}'),('journal_ii','footer_contacts_hover_color','588F27','588F27'),('journal_ii','footer_copyright_color','F4F4F4','F4F4F4'),('journal_ii','footer_custom_text_color','F4F4F4','F4F4F4'),('journal_ii','footer_headings_color','F4F4F4','F4F4F4'),('journal_ii','footer_headings_font','{\"font-family\":\"Ubuntu Condensed\",\"font-size\":\"14\",\"font-weight\":\"bold\",\"font-style\":\"normal\",\"text-transform\":\"uppercase\"}','{\"font-family\":\"Ubuntu Condensed\",\"font-size\":\"14\",\"font-weight\":\"bold\",\"font-style\":\"normal\",\"text-transform\":\"uppercase\"}'),('journal_ii','footer_links_color','F4F4F4','F4F4F4'),('journal_ii','footer_links_font','{\"font-family\":\"Ubuntu\",\"font-size\":\"13\",\"font-weight\":\"normal\",\"font-style\":\"normal\",\"text-transform\":\"none\"}','{\"font-family\":\"Ubuntu\",\"font-size\":\"13\",\"font-weight\":\"normal\",\"font-style\":\"normal\",\"text-transform\":\"none\"}'),('journal_ii','footer_links_hover_color','588F27','588F27'),('journal_ii','general_buttons_background_color','588F27','588F27'),('journal_ii','general_buttons_color','FFFFFF','FFFFFF'),('journal_ii','general_buttons_hover_background_color','5C8BA6','5C8BA6'),('journal_ii','general_buttons_hover_color','FFFFFF','FFFFFF'),('journal_ii','global_buttons_font','{\"font-family\":\"Ubuntu\",\"font-size\":\"13\",\"font-weight\":\"bold\",\"font-style\":\"normal\",\"text-transform\":\"uppercase\"}','{\"font-family\":\"Ubuntu\",\"font-size\":\"13\",\"font-weight\":\"bold\",\"font-style\":\"normal\",\"text-transform\":\"uppercase\"}'),('journal_ii','gplus_profile','https://plus.google.com','https://plus.google.com'),('journal_ii','header_bg_color','383838','383838'),('journal_ii','header_bg_image','',''),('journal_ii','header_cart_background_color','588F27','588F27'),('journal_ii','header_cart_color','FFFFFF','FFFFFF'),('journal_ii','header_cart_content_background_color','FFFFFF','FFFFFF'),('journal_ii','header_cart_content_color','2A2B2E','2A2B2E'),('journal_ii','header_cart_font','{\"font-family\":\"Ubuntu\",\"font-size\":\"14\",\"font-weight\":\"bold\",\"font-style\":\"normal\",\"text-transform\":\"none\"}','{\"font-family\":\"Ubuntu\",\"font-size\":\"14\",\"font-weight\":\"bold\",\"font-style\":\"normal\",\"text-transform\":\"none\"}'),('journal_ii','header_cart_icon','b','b'),('journal_ii','header_category_menu_font','{\"font-family\":\"Ubuntu\",\"font-size\":\"13\",\"font-weight\":\"normal\",\"font-style\":\"normal\",\"text-transform\":\"uppercase\"}','{\"font-family\":\"Ubuntu\",\"font-size\":\"13\",\"font-weight\":\"normal\",\"font-style\":\"normal\",\"text-transform\":\"uppercase\"}'),('journal_ii','header_dropdown_color','2A2B2E','2A2B2E'),('journal_ii','header_top_links_font','{\"font-family\":\"Ubuntu\",\"font-size\":\"11\",\"font-weight\":\"bold\",\"font-style\":\"normal\",\"text-transform\":\"uppercase\"}','{\"font-family\":\"Ubuntu\",\"font-size\":\"11\",\"font-weight\":\"bold\",\"font-style\":\"normal\",\"text-transform\":\"uppercase\"}'),('journal_ii','header_type','no','no'),('journal_ii','links_color','F4F4F4','F4F4F4'),('journal_ii','links_hover_color','588F27','588F27'),('journal_ii','login_link_color','588F27','588F27'),('journal_ii','login_link_hover_color','5C8BA6','5C8BA6'),('journal_ii','logo_background_color','FFFFFF','FFFFFF'),('journal_ii','main_content_color','383838','383838'),('journal_ii','main_font','{\"font-family\":\"Ubuntu\",\"font-size\":\"13\",\"font-weight\":\"normal\",\"font-style\":\"normal\",\"text-transform\":\"none\"}','{\"font-family\":\"Ubuntu\",\"font-size\":\"13\",\"font-weight\":\"normal\",\"font-style\":\"normal\",\"text-transform\":\"none\"}'),('journal_ii','main_title_background_color','3F5765','3F5765'),('journal_ii','main_title_color','FFFFFF','FFFFFF'),('journal_ii','main_titles_font','{\"font-family\":\"Ubuntu Condensed\",\"font-size\":\"17\",\"font-weight\":\"bold\",\"font-style\":\"normal\",\"text-transform\":\"uppercase\"}','{\"font-family\":\"Ubuntu Condensed\",\"font-size\":\"17\",\"font-weight\":\"bold\",\"font-style\":\"normal\",\"text-transform\":\"uppercase\"}'),('journal_ii','mobile_menu_title','Shop','Shop'),('journal_ii','payment_images','[{\"img\":\"data\\/journal\\/ax.png\",\"name\":{\"1\":\"\"},\"link\":\"\",\"sort_order\":\"\",\"new_window\":\"1\"},{\"img\":\"data\\/journal\\/mc.png\",\"name\":{\"1\":\"\"},\"link\":\"\",\"sort_order\":\"\",\"new_window\":\"1\"},{\"img\":\"data\\/journal\\/maestro.png\",\"name\":{\"1\":\"\"},\"link\":\"\",\"sort_order\":\"\",\"new_window\":\"1\"},{\"img\":\"data\\/journal\\/disc.png\",\"name\":{\"1\":\"\"},\"link\":\"\",\"sort_order\":\"\",\"new_window\":\"1\"},{\"img\":\"data\\/journal\\/pp.png\",\"name\":{\"1\":\"\"},\"link\":\"\",\"sort_order\":\"\",\"new_window\":\"1\"},{\"img\":\"data\\/journal\\/visa.png\",\"name\":{\"1\":\"\"},\"link\":\"\",\"sort_order\":\"\",\"new_window\":\"1\"}]','[{\"img\":\"data\\/journal\\/ax.png\",\"name\":{\"1\":\"\"},\"link\":\"\",\"sort_order\":\"\",\"new_window\":\"1\"},{\"img\":\"data\\/journal\\/mc.png\",\"name\":{\"1\":\"\"},\"link\":\"\",\"sort_order\":\"\",\"new_window\":\"1\"},{\"img\":\"data\\/journal\\/maestro.png\",\"name\":{\"1\":\"\"},\"link\":\"\",\"sort_order\":\"\",\"new_window\":\"1\"},{\"img\":\"data\\/journal\\/disc.png\",\"name\":{\"1\":\"\"},\"link\":\"\",\"sort_order\":\"\",\"new_window\":\"1\"},{\"img\":\"data\\/journal\\/pp.png\",\"name\":{\"1\":\"\"},\"link\":\"\",\"sort_order\":\"\",\"new_window\":\"1\"},{\"img\":\"data\\/journal\\/visa.png\",\"name\":{\"1\":\"\"},\"link\":\"\",\"sort_order\":\"\",\"new_window\":\"1\"}]'),('journal_ii','pinterest_profile','http://www.pinterest.com','http://www.pinterest.com'),('journal_ii','preloader_color','FFFFFF','FFFFFF'),('journal_ii','preloader_image','data/journal/spinner.gif','data/journal/spinner.gif'),('journal_ii','preloader_visibility','none','none'),('journal_ii','product_add_cart_background_color','588F27','588F27'),('journal_ii','product_add_cart_color','FFFFFF','FFFFFF'),('journal_ii','product_add_cart_font','{\"font-family\":\"Ubuntu\",\"font-size\":\"14\",\"font-weight\":\"bold\",\"font-style\":\"normal\",\"text-transform\":\"uppercase\"}','{\"font-family\":\"Ubuntu\",\"font-size\":\"14\",\"font-weight\":\"bold\",\"font-style\":\"normal\",\"text-transform\":\"uppercase\"}'),('journal_ii','product_add_cart_hover_background_color','5C8BA6','5C8BA6'),('journal_ii','product_add_cart_hover_color','FFFFFF','FFFFFF'),('journal_ii','product_hover','hover1','hover1'),('journal_ii','product_old_price_background_color','EA2E49','EA2E49'),('journal_ii','product_old_price_color','FFFFFF','FFFFFF'),('journal_ii','product_options_background_color','505050','505050'),('journal_ii','product_price_color','FFFFFF','FFFFFF'),('journal_ii','product_price_font','{\"font-family\":\"Ubuntu\",\"font-size\":\"22\",\"font-weight\":\"normal\",\"font-style\":\"normal\",\"text-transform\":\"uppercase\"}','{\"font-family\":\"Ubuntu\",\"font-size\":\"22\",\"font-weight\":\"normal\",\"font-style\":\"normal\",\"text-transform\":\"uppercase\"}'),('journal_ii','product_tabs_background_color','588F27','588F27'),('journal_ii','product_tabs_color','FFFFFF','FFFFFF'),('journal_ii','product_tabs_content','505050','505050'),('journal_ii','product_tabs_font','{\"font-family\":\"Ubuntu Condensed\",\"font-size\":\"16\",\"font-weight\":\"bold\",\"font-style\":\"normal\",\"text-transform\":\"uppercase\"}','{\"font-family\":\"Ubuntu Condensed\",\"font-size\":\"16\",\"font-weight\":\"bold\",\"font-style\":\"normal\",\"text-transform\":\"uppercase\"}'),('journal_ii','product_tabs_selected_background_color','505050','505050'),('journal_ii','push_background_color','FFFFFF','FFFFFF'),('journal_ii','push_color','333333','333333'),('journal_ii','push_select','no','no'),('journal_ii','push_select_font','{\"font-family\":\"Helvetica, sans-serif\",\"font-size\":\"14\",\"font-weight\":\"bold\",\"font-style\":\"normal\",\"text-transform\":\"uppercase\"}','{\"font-family\":\"Helvetica, sans-serif\",\"font-size\":\"14\",\"font-weight\":\"bold\",\"font-style\":\"normal\",\"text-transform\":\"uppercase\"}'),('journal_ii','push_selected_background_color','588F27','588F27'),('journal_ii','push_selected_color','FFFFFF','FFFFFF'),('journal_ii','refine_subcategories','yes','yes'),('journal_ii','responsive_design','yes','yes'),('journal_ii','sale_product_badge','block','block'),('journal_ii','sale_product_badge_background_color','EA2E49','EA2E49'),('journal_ii','sale_product_badge_color','FFFFFF','FFFFFF'),('journal_ii','sale_product_badge_font','{\"font-family\":\"Ubuntu\",\"font-size\":\"15\",\"font-weight\":\"normal\",\"text-transform\":\"none\"}','{\"font-family\":\"Ubuntu\",\"font-size\":\"15\",\"font-weight\":\"normal\",\"text-transform\":\"none\"}'),('journal_ii','scroll_top_image','data/journal/back-top.png','data/journal/back-top.png'),('journal_ii','scroll_top_img_options','right','right'),('journal_ii','search_background_color','FFFFFF','FFFFFF'),('journal_ii','secondary_title_color','5C8BA6','5C8BA6'),('journal_ii','secondary_title_font','{\"font-family\":\"Ubuntu\",\"font-size\":\"17\",\"font-weight\":\"bold\",\"font-style\":\"normal\",\"text-transform\":\"none\"}','{\"font-family\":\"Ubuntu\",\"font-size\":\"17\",\"font-weight\":\"bold\",\"font-style\":\"normal\",\"text-transform\":\"none\"}'),('journal_ii','share_plugin','add','add'),('journal_ii','side_module_background_color','383838','383838'),('journal_ii','side_module_font','{\"font-family\":\"Ubuntu\",\"font-size\":\"14\",\"font-weight\":\"normal\",\"font-style\":\"normal\",\"text-transform\":\"none\"}','{\"font-family\":\"Ubuntu\",\"font-size\":\"14\",\"font-weight\":\"normal\",\"font-style\":\"normal\",\"text-transform\":\"none\"}'),('journal_ii','side_module_link_active_color','588F27','588F27'),('journal_ii','side_module_link_color','F4F4F4','F4F4F4'),('journal_ii','side_module_link_hover_background_color','505050','505050'),('journal_ii','side_module_product_background_color','505050','505050'),('journal_ii','side_module_product_border_color','383838','383838'),('journal_ii','side_shade_bg_image','',''),('journal_ii','slider_arrows_background_color','',''),('journal_ii','slider_arrows_color','FFFFFF','FFFFFF'),('journal_ii','slider_arrows_hover_background_color','',''),('journal_ii','slider_arrows_hover_color','588F27','588F27'),('journal_ii','slider_bar_timer','588F27','588F27'),('journal_ii','slider_bullets_active_color','588F27','588F27'),('journal_ii','slider_bullets_color','F4F4F4','F4F4F4'),('journal_ii','slider_caption_background_color','588F27','588F27'),('journal_ii','slider_caption_color','F4F4F4','F4F4F4'),('journal_ii','slider_caption_font','{\"font-family\":\"Ubuntu\",\"font-size\":\"15\",\"font-weight\":\"normal\",\"font-style\":\"normal\",\"text-transform\":\"none\"}','{\"font-family\":\"Ubuntu\",\"font-size\":\"15\",\"font-weight\":\"normal\",\"font-style\":\"normal\",\"text-transform\":\"none\"}'),('journal_ii','stepper_input','yes','yes'),('journal_ii','subcategories_background_color','505050','505050'),('journal_ii','subcategories_color','FFFFFF','FFFFFF'),('journal_ii','subcategories_hover_color','588F27','588F27'),('journal_ii','tab_selected_color','FFFFFF','FFFFFF'),('journal_ii','top_header_bg_color','383838','383838'),('journal_ii','top_links_background_color','383838','383838'),('journal_ii','top_links_background_hover_color','444444','444444'),('journal_ii','top_links_color','FFFFFF','FFFFFF'),('journal_ii','top_menu','[]','[]'),('journal_ii','transparent_overlay','block','block'),('journal_ii','transparent_overlay_image','data/journal/overlay.png','data/journal/overlay.png'),('journal_ii','twitter_profile','https://www.twitter.com','https://www.twitter.com'),('journal_ii','vimeo_profile','http://www.vimeo.com','http://www.vimeo.com'),('journal_ii','welcome_bg_color','',''),('journal_ii','welcome_text','left','left'),('journal_ii','welcome_text_color','FFFFFF','FFFFFF'),('journal_ii','welcome_text_font','{\"font-family\":\"Ubuntu\",\"font-size\":\"14\",\"font-weight\":\"normal\",\"font-style\":\"normal\",\"text-transform\":\"none\"}','{\"font-family\":\"Ubuntu\",\"font-size\":\"14\",\"font-weight\":\"normal\",\"font-style\":\"normal\",\"text-transform\":\"none\"}'),('journal_ii','welcome_title_color','FFFFFF','FFFFFF'),('journal_ii','welcome_title_font','{\"font-family\":\"Ubuntu\",\"font-size\":\"23\",\"font-weight\":\"bold\",\"font-style\":\"normal\",\"text-transform\":\"none\"}','{\"font-family\":\"Ubuntu\",\"font-size\":\"23\",\"font-weight\":\"bold\",\"font-style\":\"normal\",\"text-transform\":\"none\"}'),('journal_ii','youtube_profile','http://www.youtube.com','http://www.youtube.com'),('journal_iii','background_color','EAEDF1','EAEDF1'),('journal_iii','background_pattern','data/journal/bg.jpg','data/journal/bg.jpg'),('journal_iii','body_font_color','F4F4F4','F4F4F4'),('journal_iii','border_color','52565D','52565D'),('journal_iii','breadcrumb_background_color','323A45','323A45'),('journal_iii','breadcrumb_color','FFFFFF','FFFFFF'),('journal_iii','breadcrumb_hover_color','1FBBA6','1FBBA6'),('journal_iii','caption_link_color','F4F4F4','F4F4F4'),('journal_iii','caption_link_hover_color','1FBBA6','1FBBA6'),('journal_iii','categories_menu','[]','[]'),('journal_iii','categories_menu_background_color','3F5765','3F5765'),('journal_iii','categories_menu_border_color','1E1F23','1E1F23'),('journal_iii','categories_menu_color','FFFFFF','FFFFFF'),('journal_iii','categories_menu_dropdown_background_color','FFFFFF','FFFFFF'),('journal_iii','categories_menu_dropdown_font','{\"font-family\":\"Ubuntu\",\"font-size\":\"13\",\"font-weight\":\"normal\",\"font-style\":\"normal\",\"text-transform\":\"none\"}','{\"font-family\":\"Ubuntu\",\"font-size\":\"13\",\"font-weight\":\"normal\",\"font-style\":\"normal\",\"text-transform\":\"none\"}'),('journal_iii','categories_menu_dropdown_hover_color','1FBBA6','1FBBA6'),('journal_iii','categories_menu_hover_color','1FBBA6','1FBBA6'),('journal_iii','categories_pagination_background_color','3F4750','3F4750'),('journal_iii','categories_pagination_color','F4F4F4','F4F4F4'),('journal_iii','categories_pagination_hover_background_color','1FBBA6','1FBBA6'),('journal_iii','categories_product_background_color','3F5765','3F5765'),('journal_iii','categories_product_description_color','F4F4F4','F4F4F4'),('journal_iii','categories_product_filter_background_color','F4F4F4','F4F4F4'),('journal_iii','categories_product_filter_color','2A2B2E','2A2B2E'),('journal_iii','categories_product_name_color','F4F4F4','F4F4F4'),('journal_iii','categories_product_price_color','F4F4F4','F4F4F4'),('journal_iii','categories_product_rollover_background_color','3F5765','3F5765'),('journal_iii','categories_product_rollover_opacity','.2','.2'),('journal_iii','category_product_name_font','{\"font-family\":\"PT Sans\",\"font-size\":\"14\",\"font-weight\":\"normal\",\"font-style\":\"normal\",\"text-transform\":\"none\"}','{\"font-family\":\"PT Sans\",\"font-size\":\"14\",\"font-weight\":\"normal\",\"font-style\":\"normal\",\"text-transform\":\"none\"}'),('journal_iii','category_product_price_font','{\"font-family\":\"Ubuntu\",\"font-size\":\"14\",\"font-weight\":\"normal\",\"font-style\":\"normal\",\"text-transform\":\"none\"}','{\"font-family\":\"Ubuntu\",\"font-size\":\"14\",\"font-weight\":\"normal\",\"font-style\":\"normal\",\"text-transform\":\"none\"}'),('journal_iii','cloud_zoom','yes','yes'),('journal_iii','contact_methods','[]','[]'),('journal_iii','container_bg_image','',''),('journal_iii','copyright','&lt;p&gt;&lt;span style=&quot;margin: 0px; padding: 0px; outline: none; border: none; list-style: none; line-height: 1; -webkit-backface-visibility: hidden; box-sizing: border-box; font-family: \'Helvetica Neue\', Helvetica, Arial, sans-serif; text-align: center;&quot;&gt;© 2012, Journal Theme by&amp;nbsp;&lt;a href=&quot;http://www.digital-atelier.com/&quot;&gt;Digital Atelier&lt;/a&gt;&lt;/span&gt;&lt;a href=&quot;http://www.digital-atelier.com/&quot;&gt;&lt;span style=&quot;font-family: \'Helvetica Neue\', Helvetica, Arial, sans-serif; line-height: 16px; text-align: center;&quot;&gt;.&amp;nbsp;&lt;/span&gt;&lt;/a&gt;&lt;span style=&quot;margin: 0px; padding: 0px; outline: none; border: none; list-style: none; line-height: 1; -webkit-backface-visibility: hidden; box-sizing: border-box; font-family: \'Helvetica Neue\', Helvetica, Arial, sans-serif; text-align: center;&quot;&gt;Powered by&lt;/span&gt;&lt;span style=&quot;font-family: \'Helvetica Neue\', Helvetica, Arial, sans-serif; line-height: 16px; text-align: center;&quot;&gt;&amp;nbsp;&lt;a href=&quot;http://www.opencart.com/&quot;&gt;OpenCart&lt;/a&gt;.&lt;/span&gt;&lt;/p&gt;\r\n','&lt;p&gt;&lt;span style=&quot;margin: 0px; padding: 0px; outline: none; border: none; list-style: none; line-height: 1; -webkit-backface-visibility: hidden; box-sizing: border-box; font-family: \'Helvetica Neue\', Helvetica, Arial, sans-serif; text-align: center;&quot;&gt;© 2012, Journal Theme by&amp;nbsp;&lt;a href=&quot;http://www.digital-atelier.com/&quot;&gt;Digital Atelier&lt;/a&gt;&lt;/span&gt;&lt;a href=&quot;http://www.digital-atelier.com/&quot;&gt;&lt;span style=&quot;font-family: \'Helvetica Neue\', Helvetica, Arial, sans-serif; line-height: 16px; text-align: center;&quot;&gt;.&amp;nbsp;&lt;/span&gt;&lt;/a&gt;&lt;span style=&quot;margin: 0px; padding: 0px; outline: none; border: none; list-style: none; line-height: 1; -webkit-backface-visibility: hidden; box-sizing: border-box; font-family: \'Helvetica Neue\', Helvetica, Arial, sans-serif; text-align: center;&quot;&gt;Powered by&lt;/span&gt;&lt;span style=&quot;font-family: \'Helvetica Neue\', Helvetica, Arial, sans-serif; line-height: 16px; text-align: center;&quot;&gt;&amp;nbsp;&lt;a href=&quot;http://www.opencart.com/&quot;&gt;OpenCart&lt;/a&gt;.&lt;/span&gt;&lt;/p&gt;\r\n'),('journal_iii','custom_css','/* enter your custom css code here */\r\n','/* enter your custom css code here */\r\n'),('journal_iii','custom_footer_text','&lt;p&gt;This is custom HTML text edited from the Admin Panel&amp;nbsp;Journal is a premium and responsive&amp;nbsp;OpenCart&amp;nbsp;theme suited for any type of&amp;nbsp;online stores. It offers impressive features such as a powerful admin with hundreds of options including the ability to save your own&amp;nbsp;custom skins&amp;nbsp;and the versitile Journal Custom Sections, a very powerful module which allows&amp;nbsp;you to build custom categories of products and sort them with smooth css animations. Buy&lt;span style=&quot;font-size: 15px;&quot;&gt;&amp;nbsp;&lt;/span&gt;Journal&amp;nbsp;today and take full control of&amp;nbsp;your store!&lt;/p&gt;\r\n','&lt;p&gt;This is custom HTML text edited from the Admin Panel&amp;nbsp;Journal is a premium and responsive&amp;nbsp;OpenCart&amp;nbsp;theme suited for any type of&amp;nbsp;online stores. It offers impressive features such as a powerful admin with hundreds of options including the ability to save your own&amp;nbsp;custom skins&amp;nbsp;and the versitile Journal Custom Sections, a very powerful module which allows&amp;nbsp;you to build custom categories of products and sort them with smooth css animations. Buy&lt;span style=&quot;font-size: 15px;&quot;&gt;&amp;nbsp;&lt;/span&gt;Journal&amp;nbsp;today and take full control of&amp;nbsp;your store!&lt;/p&gt;\r\n'),('journal_iii','custom_js','/* enter your custom javascript code here */\r\n','/* enter your custom javascript code here */\r\n'),('journal_iii','extended_filter','no','no'),('journal_iii','facebook_likebox','',''),('journal_iii','facebook_profile','http://www.facebook.com','http://www.facebook.com'),('journal_iii','filter_categories_background_color','3F5765','3F5765'),('journal_iii','filter_categories_border_color','1E1F23','1E1F23'),('journal_iii','filter_categories_color','FFFFFF','FFFFFF'),('journal_iii','filter_categories_hover_background_color','1FBBA6','1FBBA6'),('journal_iii','filter_categories_hover_color','FFFFFF','FFFFFF'),('journal_iii','filter_titles_font','{\"font-family\":\"Oswald\",\"font-size\":\"15\",\"font-weight\":\"normal\",\"font-style\":\"normal\",\"text-transform\":\"uppercase\"}','{\"font-family\":\"Oswald\",\"font-size\":\"15\",\"font-weight\":\"normal\",\"font-style\":\"normal\",\"text-transform\":\"uppercase\"}'),('journal_iii','flickr_profile','http://www.flickr.com/','http://www.flickr.com/'),('journal_iii','footer_background_color','3F4750','3F4750'),('journal_iii','footer_bg_image','',''),('journal_iii','footer_border_color','595F6C','595F6C'),('journal_iii','footer_bottom_background_color','3F4750','3F4750'),('journal_iii','footer_contact_icons_background_color','30353B','30353B'),('journal_iii','footer_contact_icons_hover_background_color','1FBBA6','1FBBA6'),('journal_iii','footer_contacts_background_color','3F5765','3F5765'),('journal_iii','footer_contacts_color','F4F4F4','F4F4F4'),('journal_iii','footer_contacts_font','{\"font-family\":\"Ubuntu\",\"font-size\":\"16\",\"font-weight\":\"bold\",\"font-style\":\"normal\",\"text-transform\":\"none\"}','{\"font-family\":\"Ubuntu\",\"font-size\":\"16\",\"font-weight\":\"bold\",\"font-style\":\"normal\",\"text-transform\":\"none\"}'),('journal_iii','footer_contacts_hover_color','',''),('journal_iii','footer_copyright_color','F4F4F4','F4F4F4'),('journal_iii','footer_custom_text_color','F4F4F4','F4F4F4'),('journal_iii','footer_headings_color','F4F4F4','F4F4F4'),('journal_iii','footer_headings_font','{\"font-family\":\"Ubuntu Condensed\",\"font-size\":\"14\",\"font-weight\":\"normal\",\"font-style\":\"normal\",\"text-transform\":\"uppercase\"}','{\"font-family\":\"Ubuntu Condensed\",\"font-size\":\"14\",\"font-weight\":\"normal\",\"font-style\":\"normal\",\"text-transform\":\"uppercase\"}'),('journal_iii','footer_links_color','F4F4F4','F4F4F4'),('journal_iii','footer_links_font','{\"font-family\":\"Ubuntu\",\"font-size\":\"14\",\"font-weight\":\"normal\",\"font-style\":\"normal\",\"text-transform\":\"none\"}','{\"font-family\":\"Ubuntu\",\"font-size\":\"14\",\"font-weight\":\"normal\",\"font-style\":\"normal\",\"text-transform\":\"none\"}'),('journal_iii','footer_links_hover_color','1FBBA6','1FBBA6'),('journal_iii','general_buttons_background_color','1FBBA6','1FBBA6'),('journal_iii','general_buttons_color','FFFFFF','FFFFFF'),('journal_iii','general_buttons_hover_background_color','E55B5B','E55B5B'),('journal_iii','general_buttons_hover_color','FFFFFF','FFFFFF'),('journal_iii','global_buttons_font','{\"font-family\":\"Ubuntu\",\"font-size\":\"13\",\"font-weight\":\"bold\",\"font-style\":\"normal\",\"text-transform\":\"uppercase\"}','{\"font-family\":\"Ubuntu\",\"font-size\":\"13\",\"font-weight\":\"bold\",\"font-style\":\"normal\",\"text-transform\":\"uppercase\"}'),('journal_iii','gplus_profile','https://plus.google.com','https://plus.google.com'),('journal_iii','header_bg_color','',''),('journal_iii','header_bg_image','',''),('journal_iii','header_cart_background_color','1FBBA6','1FBBA6'),('journal_iii','header_cart_color','FFFFFF','FFFFFF'),('journal_iii','header_cart_content_background_color','FFFFFF','FFFFFF'),('journal_iii','header_cart_content_color','222222','222222'),('journal_iii','header_cart_font','{\"font-family\":\"Ubuntu\",\"font-size\":\"16\",\"font-weight\":\"bold\",\"font-style\":\"normal\",\"text-transform\":\"none\"}','{\"font-family\":\"Ubuntu\",\"font-size\":\"16\",\"font-weight\":\"bold\",\"font-style\":\"normal\",\"text-transform\":\"none\"}'),('journal_iii','header_cart_icon','c','c'),('journal_iii','header_category_menu_font','{\"font-family\":\"Ubuntu\",\"font-size\":\"12\",\"font-weight\":\"bold\",\"font-style\":\"normal\",\"text-transform\":\"uppercase\"}','{\"font-family\":\"Ubuntu\",\"font-size\":\"12\",\"font-weight\":\"bold\",\"font-style\":\"normal\",\"text-transform\":\"uppercase\"}'),('journal_iii','header_dropdown_color','222222','222222'),('journal_iii','header_top_links_font','{\"font-family\":\"Ubuntu\",\"font-size\":\"11\",\"font-weight\":\"bold\",\"font-style\":\"normal\",\"text-transform\":\"uppercase\"}','{\"font-family\":\"Ubuntu\",\"font-size\":\"11\",\"font-weight\":\"bold\",\"font-style\":\"normal\",\"text-transform\":\"uppercase\"}'),('journal_iii','header_type','no','no'),('journal_iii','links_color','F4F4F4','F4F4F4'),('journal_iii','links_hover_color','1FBBA6','1FBBA6'),('journal_iii','login_link_color','1FBBA6','1FBBA6'),('journal_iii','login_link_hover_color','E55B5B','E55B5B'),('journal_iii','logo_background_color','F4F4F4','F4F4F4'),('journal_iii','main_content_color','323A45','323A45'),('journal_iii','main_font','{\"font-family\":\"Ubuntu\",\"font-size\":\"14\",\"font-weight\":\"normal\",\"font-style\":\"normal\",\"text-transform\":\"none\"}','{\"font-family\":\"Ubuntu\",\"font-size\":\"14\",\"font-weight\":\"normal\",\"font-style\":\"normal\",\"text-transform\":\"none\"}'),('journal_iii','main_title_background_color','3F5765','3F5765'),('journal_iii','main_title_color','FFFFFF','FFFFFF'),('journal_iii','main_titles_font','{\"font-family\":\"Ubuntu\",\"font-size\":\"16\",\"font-weight\":\"bold\",\"font-style\":\"normal\",\"text-transform\":\"uppercase\"}','{\"font-family\":\"Ubuntu\",\"font-size\":\"16\",\"font-weight\":\"bold\",\"font-style\":\"normal\",\"text-transform\":\"uppercase\"}'),('journal_iii','mobile_menu_title','Shop','Shop'),('journal_iii','payment_images','[{\"img\":\"data\\/journal\\/ax.png\",\"name\":{\"1\":\"\"},\"link\":\"\",\"sort_order\":\"\",\"new_window\":\"1\"},{\"img\":\"data\\/journal\\/mc.png\",\"name\":{\"1\":\"\"},\"link\":\"\",\"sort_order\":\"\",\"new_window\":\"1\"},{\"img\":\"data\\/journal\\/maestro.png\",\"name\":{\"1\":\"\"},\"link\":\"\",\"sort_order\":\"\",\"new_window\":\"1\"},{\"img\":\"data\\/journal\\/disc.png\",\"name\":{\"1\":\"\"},\"link\":\"\",\"sort_order\":\"\",\"new_window\":\"1\"},{\"img\":\"data\\/journal\\/pp.png\",\"name\":{\"1\":\"\"},\"link\":\"\",\"sort_order\":\"\",\"new_window\":\"1\"},{\"img\":\"data\\/journal\\/visa.png\",\"name\":{\"1\":\"\"},\"link\":\"\",\"sort_order\":\"\",\"new_window\":\"1\"}]','[{\"img\":\"data\\/journal\\/ax.png\",\"name\":{\"1\":\"\"},\"link\":\"\",\"sort_order\":\"\",\"new_window\":\"1\"},{\"img\":\"data\\/journal\\/mc.png\",\"name\":{\"1\":\"\"},\"link\":\"\",\"sort_order\":\"\",\"new_window\":\"1\"},{\"img\":\"data\\/journal\\/maestro.png\",\"name\":{\"1\":\"\"},\"link\":\"\",\"sort_order\":\"\",\"new_window\":\"1\"},{\"img\":\"data\\/journal\\/disc.png\",\"name\":{\"1\":\"\"},\"link\":\"\",\"sort_order\":\"\",\"new_window\":\"1\"},{\"img\":\"data\\/journal\\/pp.png\",\"name\":{\"1\":\"\"},\"link\":\"\",\"sort_order\":\"\",\"new_window\":\"1\"},{\"img\":\"data\\/journal\\/visa.png\",\"name\":{\"1\":\"\"},\"link\":\"\",\"sort_order\":\"\",\"new_window\":\"1\"}]'),('journal_iii','pinterest_profile','http://pinterest.com/','http://pinterest.com/'),('journal_iii','preloader_color','FFFFFF','FFFFFF'),('journal_iii','preloader_image','data/journal/spinner.gif','data/journal/spinner.gif'),('journal_iii','preloader_visibility','block','block'),('journal_iii','product_add_cart_background_color','1FBBA6','1FBBA6'),('journal_iii','product_add_cart_color','FFFFFF','FFFFFF'),('journal_iii','product_add_cart_font','{\"font-family\":\"Ubuntu\",\"font-size\":\"15\",\"font-weight\":\"bold\",\"font-style\":\"normal\",\"text-transform\":\"uppercase\"}','{\"font-family\":\"Ubuntu\",\"font-size\":\"15\",\"font-weight\":\"bold\",\"font-style\":\"normal\",\"text-transform\":\"uppercase\"}'),('journal_iii','product_add_cart_hover_background_color','E55B5B','E55B5B'),('journal_iii','product_add_cart_hover_color','FFFFFF','FFFFFF'),('journal_iii','product_hover','hover1','hover1'),('journal_iii','product_old_price_background_color','E55B5B','E55B5B'),('journal_iii','product_old_price_color','FFFFFF','FFFFFF'),('journal_iii','product_options_background_color','3F5765','3F5765'),('journal_iii','product_price_color','FFFFFF','FFFFFF'),('journal_iii','product_price_font','{\"font-family\":\"Ubuntu\",\"font-size\":\"22\",\"font-weight\":\"normal\",\"font-style\":\"normal\",\"text-transform\":\"uppercase\"}','{\"font-family\":\"Ubuntu\",\"font-size\":\"22\",\"font-weight\":\"normal\",\"font-style\":\"normal\",\"text-transform\":\"uppercase\"}'),('journal_iii','product_tabs_background_color','1FBBA6','1FBBA6'),('journal_iii','product_tabs_color','FFFFFF','FFFFFF'),('journal_iii','product_tabs_content','3F5765','3F5765'),('journal_iii','product_tabs_font','{\"font-family\":\"Ubuntu\",\"font-size\":\"15\",\"font-weight\":\"normal\",\"font-style\":\"normal\",\"text-transform\":\"uppercase\"}','{\"font-family\":\"Ubuntu\",\"font-size\":\"15\",\"font-weight\":\"normal\",\"font-style\":\"normal\",\"text-transform\":\"uppercase\"}'),('journal_iii','product_tabs_selected_background_color','3F5765','3F5765'),('journal_iii','push_background_color','FFFFFF','FFFFFF'),('journal_iii','push_color','3F5765','3F5765'),('journal_iii','push_select','no','no'),('journal_iii','push_select_font','{\"font-family\":\"Helvetica, sans-serif\",\"font-size\":\"14\",\"font-weight\":\"bold\",\"font-style\":\"normal\",\"text-transform\":\"uppercase\"}','{\"font-family\":\"Helvetica, sans-serif\",\"font-size\":\"14\",\"font-weight\":\"bold\",\"font-style\":\"normal\",\"text-transform\":\"uppercase\"}'),('journal_iii','push_selected_background_color','1FBBA6','1FBBA6'),('journal_iii','push_selected_color','FFFFFF','FFFFFF'),('journal_iii','refine_subcategories','yes','yes'),('journal_iii','responsive_design','yes','yes'),('journal_iii','sale_product_badge','block','block'),('journal_iii','sale_product_badge_background_color','E55B5B','E55B5B'),('journal_iii','sale_product_badge_color','FFFFFF','FFFFFF'),('journal_iii','sale_product_badge_font','{\"font-family\":\"Ubuntu\",\"font-size\":\"14\",\"font-weight\":\"normal\",\"text-transform\":\"none\"}','{\"font-family\":\"Ubuntu\",\"font-size\":\"14\",\"font-weight\":\"normal\",\"text-transform\":\"none\"}'),('journal_iii','scroll_top_image','data/journal/back-top.png','data/journal/back-top.png'),('journal_iii','scroll_top_img_options','right','right'),('journal_iii','search_background_color','FFFFFF','FFFFFF'),('journal_iii','secondary_title_color','F4F4F4','F4F4F4'),('journal_iii','secondary_title_font','{\"font-family\":\"Ubuntu\",\"font-size\":\"16\",\"font-weight\":\"bold\",\"font-style\":\"normal\",\"text-transform\":\"none\"}','{\"font-family\":\"Ubuntu\",\"font-size\":\"16\",\"font-weight\":\"bold\",\"font-style\":\"normal\",\"text-transform\":\"none\"}'),('journal_iii','share_plugin','add','add'),('journal_iii','side_module_background_color','3F4750','3F4750'),('journal_iii','side_module_font','{\"font-family\":\"Ubuntu\",\"font-size\":\"14\",\"font-weight\":\"normal\",\"font-style\":\"normal\",\"text-transform\":\"none\"}','{\"font-family\":\"Ubuntu\",\"font-size\":\"14\",\"font-weight\":\"normal\",\"font-style\":\"normal\",\"text-transform\":\"none\"}'),('journal_iii','side_module_link_active_color','1FBBA6','1FBBA6'),('journal_iii','side_module_link_color','F4F4F4','F4F4F4'),('journal_iii','side_module_link_hover_background_color','32363F','32363F'),('journal_iii','side_module_product_background_color','32363F','32363F'),('journal_iii','side_module_product_border_color','3F4750','3F4750'),('journal_iii','side_shade_bg_image','',''),('journal_iii','slider_arrows_background_color','',''),('journal_iii','slider_arrows_color','FFFFFF','FFFFFF'),('journal_iii','slider_arrows_hover_background_color','',''),('journal_iii','slider_arrows_hover_color','1FBBA6','1FBBA6'),('journal_iii','slider_bar_timer','1FBBA6','1FBBA6'),('journal_iii','slider_bullets_active_color','1FBBA6','1FBBA6'),('journal_iii','slider_bullets_color','FFFFFF','FFFFFF'),('journal_iii','slider_caption_background_color','1FBBA6','1FBBA6'),('journal_iii','slider_caption_color','FFFFFF','FFFFFF'),('journal_iii','slider_caption_font','{\"font-family\":\"Ubuntu\",\"font-size\":\"15\",\"font-weight\":\"normal\",\"font-style\":\"normal\",\"text-transform\":\"none\"}','{\"font-family\":\"Ubuntu\",\"font-size\":\"15\",\"font-weight\":\"normal\",\"font-style\":\"normal\",\"text-transform\":\"none\"}'),('journal_iii','stepper_input','yes','yes'),('journal_iii','subcategories_background_color','3F5765','3F5765'),('journal_iii','subcategories_color','F4F4F4','F4F4F4'),('journal_iii','subcategories_hover_color','1FBBA6','1FBBA6'),('journal_iii','tab_selected_color','FFFFFF','FFFFFF'),('journal_iii','top_header_bg_color','',''),('journal_iii','top_links_background_color','3F4750','3F4750'),('journal_iii','top_links_background_hover_color','1FBBA6','1FBBA6'),('journal_iii','top_links_color','F4F4F4','F4F4F4'),('journal_iii','top_menu','[]','[]'),('journal_iii','transparent_overlay','none','none'),('journal_iii','transparent_overlay_image','data/journal/overlay.png','data/journal/overlay.png'),('journal_iii','twitter_profile','https://twitter.com/','https://twitter.com/'),('journal_iii','vimeo_profile','http://vimeo.com/','http://vimeo.com/'),('journal_iii','welcome_bg_color','30353B','30353B'),('journal_iii','welcome_text','center','center'),('journal_iii','welcome_text_color','FFFFFF','FFFFFF'),('journal_iii','welcome_text_font','{\"font-family\":\"Ubuntu\",\"font-size\":\"16\",\"font-weight\":\"normal\",\"font-style\":\"normal\",\"text-transform\":\"none\"}','{\"font-family\":\"Ubuntu\",\"font-size\":\"16\",\"font-weight\":\"normal\",\"font-style\":\"normal\",\"text-transform\":\"none\"}'),('journal_iii','welcome_title_color','FFFFFF','FFFFFF'),('journal_iii','welcome_title_font','{\"font-family\":\"Alex Brush\",\"font-size\":\"55\",\"font-weight\":\"normal\",\"font-style\":\"normal\",\"text-transform\":\"none\"}','{\"font-family\":\"Alex Brush\",\"font-size\":\"55\",\"font-weight\":\"normal\",\"font-style\":\"normal\",\"text-transform\":\"none\"}'),('journal_iii','youtube_profile','https://www.youtube.com','https://www.youtube.com'),('journal_iv','background_color','FFFFFF','FFFFFF'),('journal_iv','background_pattern','',''),('journal_iv','body_font_color','333333','333333'),('journal_iv','border_color','E2E2E2','E2E2E2'),('journal_iv','breadcrumb_background_color','FFFFFF','FFFFFF'),('journal_iv','breadcrumb_color','333333','333333'),('journal_iv','breadcrumb_hover_color','5C8BA6','5C8BA6'),('journal_iv','caption_link_color','E74C3C','E74C3C'),('journal_iv','caption_link_hover_color','24BEED','24BEED'),('journal_iv','categories_menu','[]','[]'),('journal_iv','categories_menu_background_color','515963','515963'),('journal_iv','categories_menu_border_color','333333','333333'),('journal_iv','categories_menu_color','FFFFFF','FFFFFF'),('journal_iv','categories_menu_dropdown_background_color','FFFFFF','FFFFFF'),('journal_iv','categories_menu_dropdown_font','{\"font-family\":\"Helvetica, sans-serif\",\"font-size\":\"13\",\"font-weight\":\"normal\",\"font-style\":\"normal\",\"text-transform\":\"none\"}','{\"font-family\":\"Helvetica, sans-serif\",\"font-size\":\"13\",\"font-weight\":\"normal\",\"font-style\":\"normal\",\"text-transform\":\"none\"}'),('journal_iv','categories_menu_dropdown_hover_color','E74C3C','E74C3C'),('journal_iv','categories_menu_hover_color','E74C3C','E74C3C'),('journal_iv','categories_pagination_background_color','333333','333333'),('journal_iv','categories_pagination_color','BBBBBB','BBBBBB'),('journal_iv','categories_pagination_hover_background_color','E74C3C','E74C3C'),('journal_iv','categories_product_background_color','',''),('journal_iv','categories_product_description_color','222222','222222'),('journal_iv','categories_product_filter_background_color','F4F4F4','F4F4F4'),('journal_iv','categories_product_filter_color','2A2B2E','2A2B2E'),('journal_iv','categories_product_name_color','333333','333333'),('journal_iv','categories_product_price_color','222222','222222'),('journal_iv','categories_product_rollover_background_color','CCCCCC','CCCCCC'),('journal_iv','categories_product_rollover_opacity','.1','.1'),('journal_iv','category_product_name_font','{\"font-family\":\"Helvetica, sans-serif\",\"font-size\":\"13\",\"font-weight\":\"normal\",\"font-style\":\"normal\",\"text-transform\":\"none\"}','{\"font-family\":\"Helvetica, sans-serif\",\"font-size\":\"13\",\"font-weight\":\"normal\",\"font-style\":\"normal\",\"text-transform\":\"none\"}'),('journal_iv','category_product_price_font','{\"font-family\":\"Helvetica, sans-serif\",\"font-size\":\"15\",\"font-weight\":\"bold\",\"font-style\":\"normal\",\"text-transform\":\"none\"}','{\"font-family\":\"Helvetica, sans-serif\",\"font-size\":\"15\",\"font-weight\":\"bold\",\"font-style\":\"normal\",\"text-transform\":\"none\"}'),('journal_iv','cloud_zoom','yes','yes'),('journal_iv','contact_methods','[{\"img\":\"data\\/journal\\/phone.png\",\"name\":{\"1\":\"1800-555-3838\"},\"link\":\"\",\"sort_order\":\"\",\"new_window\":\"0\"},{\"img\":\"data\\/journal\\/mail.png\",\"name\":{\"1\":\"info@yourstore.com\"},\"link\":\"\",\"sort_order\":\"\",\"new_window\":\"0\"},{\"img\":\"data\\/journal\\/arrow.png\",\"name\":{\"1\":\"Custom Link\"},\"link\":\"https:\\/\\/www.google.com\\/\",\"sort_order\":\"\",\"new_window\":\"1\"}]','[{\"img\":\"data\\/journal\\/phone.png\",\"name\":{\"1\":\"1800-555-3838\"},\"link\":\"\",\"sort_order\":\"\",\"new_window\":\"0\"},{\"img\":\"data\\/journal\\/mail.png\",\"name\":{\"1\":\"info@yourstore.com\"},\"link\":\"\",\"sort_order\":\"\",\"new_window\":\"0\"},{\"img\":\"data\\/journal\\/arrow.png\",\"name\":{\"1\":\"Custom Link\"},\"link\":\"https:\\/\\/www.google.com\\/\",\"sort_order\":\"\",\"new_window\":\"1\"}]'),('journal_iv','container_bg_image','',''),('journal_iv','copyright','&lt;p&gt;&lt;span style=&quot;margin: 0px; padding: 0px; outline: none; border: none; list-style: none; line-height: 1; -webkit-backface-visibility: hidden; box-sizing: border-box; font-family: \'Helvetica Neue\', Helvetica, Arial, sans-serif; text-align: center;&quot;&gt;© 2012, Journal Theme by&amp;nbsp;&lt;a href=&quot;http://www.digital-atelier.com/&quot; target=&quot;_blank&quot;&gt;Digital Atelier&lt;/a&gt;&lt;/span&gt;&lt;span style=&quot;font-family: \'Helvetica Neue\', Helvetica, Arial, sans-serif; line-height: 16px; text-align: center;&quot;&gt;&lt;a href=&quot;http://www.digital-atelier.com/&quot;&gt;.&lt;/a&gt;&amp;nbsp;&lt;/span&gt;&lt;span style=&quot;margin: 0px; padding: 0px; outline: none; border: none; list-style: none; line-height: 1; -webkit-backface-visibility: hidden; box-sizing: border-box; font-family: \'Helvetica Neue\', Helvetica, Arial, sans-serif; text-align: center;&quot;&gt;Powered by&lt;/span&gt;&lt;span style=&quot;font-family: \'Helvetica Neue\', Helvetica, Arial, sans-serif; line-height: 16px; text-align: center;&quot;&gt;&amp;nbsp;&lt;a href=&quot;http://www.opencart.com/&quot; target=&quot;_blank&quot;&gt;OpenCart&lt;/a&gt;.&lt;/span&gt;&lt;/p&gt;\r\n','&lt;p&gt;&lt;span style=&quot;margin: 0px; padding: 0px; outline: none; border: none; list-style: none; line-height: 1; -webkit-backface-visibility: hidden; box-sizing: border-box; font-family: \'Helvetica Neue\', Helvetica, Arial, sans-serif; text-align: center;&quot;&gt;© 2012, Journal Theme by&amp;nbsp;&lt;a href=&quot;http://www.digital-atelier.com/&quot; target=&quot;_blank&quot;&gt;Digital Atelier&lt;/a&gt;&lt;/span&gt;&lt;span style=&quot;font-family: \'Helvetica Neue\', Helvetica, Arial, sans-serif; line-height: 16px; text-align: center;&quot;&gt;&lt;a href=&quot;http://www.digital-atelier.com/&quot;&gt;.&lt;/a&gt;&amp;nbsp;&lt;/span&gt;&lt;span style=&quot;margin: 0px; padding: 0px; outline: none; border: none; list-style: none; line-height: 1; -webkit-backface-visibility: hidden; box-sizing: border-box; font-family: \'Helvetica Neue\', Helvetica, Arial, sans-serif; text-align: center;&quot;&gt;Powered by&lt;/span&gt;&lt;span style=&quot;font-family: \'Helvetica Neue\', Helvetica, Arial, sans-serif; line-height: 16px; text-align: center;&quot;&gt;&amp;nbsp;&lt;a href=&quot;http://www.opencart.com/&quot; target=&quot;_blank&quot;&gt;OpenCart&lt;/a&gt;.&lt;/span&gt;&lt;/p&gt;\r\n'),('journal_iv','custom_css','/* enter your custom css code here */\r\n','/* enter your custom css code here */\r\n'),('journal_iv','custom_footer_text','&lt;p&gt;Journal is a premium, multi-purpose OpenCart ecommerce theme suited for modern online stores. Journal offers impressive features such as a powerful admin with hundreds of options including the ability to save everything as custom themes and the versitile Journal Filtering System, a very powerful module that lets you build custom categories of products and sort them with smooth css animations. Buy Journal today and take full control over your store!&lt;/p&gt;\r\n','&lt;p&gt;Journal is a premium, multi-purpose OpenCart ecommerce theme suited for modern online stores. Journal offers impressive features such as a powerful admin with hundreds of options including the ability to save everything as custom themes and the versitile Journal Filtering System, a very powerful module that lets you build custom categories of products and sort them with smooth css animations. Buy Journal today and take full control over your store!&lt;/p&gt;\r\n'),('journal_iv','custom_js','/* enter your custom javascript code here */\r\n','/* enter your custom javascript code here */\r\n'),('journal_iv','extended_filter','yes','yes'),('journal_iv','facebook_likebox','',''),('journal_iv','facebook_profile','https://www.facebook.com','https://www.facebook.com'),('journal_iv','filter_categories_background_color','',''),('journal_iv','filter_categories_border_color','DBDBDB','DBDBDB'),('journal_iv','filter_categories_color','333333','333333'),('journal_iv','filter_categories_hover_background_color','515963','515963'),('journal_iv','filter_categories_hover_color','FFFFFF','FFFFFF'),('journal_iv','filter_titles_font','{\"font-family\":\"Droid Serif\",\"font-size\":\"14\",\"font-weight\":\"bold\",\"font-style\":\"normal\",\"text-transform\":\"uppercase\"}','{\"font-family\":\"Droid Serif\",\"font-size\":\"14\",\"font-weight\":\"bold\",\"font-style\":\"normal\",\"text-transform\":\"uppercase\"}'),('journal_iv','flickr_profile','http://www.flickr.com','http://www.flickr.com'),('journal_iv','footer_background_color','313542','313542'),('journal_iv','footer_bg_image','',''),('journal_iv','footer_border_color','555555','555555'),('journal_iv','footer_bottom_background_color','F4F4F4','F4F4F4'),('journal_iv','footer_contact_icons_background_color','333745','333745'),('journal_iv','footer_contact_icons_hover_background_color','E74C3C','E74C3C'),('journal_iv','footer_contacts_background_color','515963','515963'),('journal_iv','footer_contacts_color','F4F4F4','F4F4F4'),('journal_iv','footer_contacts_font','{\"font-family\":\"Helvetica, sans-serif\",\"font-size\":\"16\",\"font-weight\":\"bold\",\"font-style\":\"normal\",\"text-transform\":\"none\"}','{\"font-family\":\"Helvetica, sans-serif\",\"font-size\":\"16\",\"font-weight\":\"bold\",\"font-style\":\"normal\",\"text-transform\":\"none\"}'),('journal_iv','footer_contacts_hover_color','E74C3C','E74C3C'),('journal_iv','footer_copyright_color','333745','333745'),('journal_iv','footer_custom_text_color','F4F4F4','F4F4F4'),('journal_iv','footer_headings_color','F4F4F4','F4F4F4'),('journal_iv','footer_headings_font','{\"font-family\":\"Oswald\",\"font-size\":\"15\",\"font-weight\":\"normal\",\"font-style\":\"normal\",\"text-transform\":\"uppercase\"}','{\"font-family\":\"Oswald\",\"font-size\":\"15\",\"font-weight\":\"normal\",\"font-style\":\"normal\",\"text-transform\":\"uppercase\"}'),('journal_iv','footer_links_color','F4F4F4','F4F4F4'),('journal_iv','footer_links_font','{\"font-family\":\"Helvetica, sans-serif\",\"font-size\":\"14\",\"font-weight\":\"normal\",\"font-style\":\"normal\",\"text-transform\":\"none\"}','{\"font-family\":\"Helvetica, sans-serif\",\"font-size\":\"14\",\"font-weight\":\"normal\",\"font-style\":\"normal\",\"text-transform\":\"none\"}'),('journal_iv','footer_links_hover_color','E74C3C','E74C3C'),('journal_iv','general_buttons_background_color','515963','515963'),('journal_iv','general_buttons_color','FFFFFF','FFFFFF'),('journal_iv','general_buttons_hover_background_color','E74C3C','E74C3C'),('journal_iv','general_buttons_hover_color','FFFFFF','FFFFFF'),('journal_iv','global_buttons_font','{\"font-family\":\"Oswald\",\"font-size\":\"13\",\"font-weight\":\"normal\",\"font-style\":\"normal\",\"text-transform\":\"uppercase\"}','{\"font-family\":\"Oswald\",\"font-size\":\"13\",\"font-weight\":\"normal\",\"font-style\":\"normal\",\"text-transform\":\"uppercase\"}'),('journal_iv','gplus_profile','https://plus.google.com','https://plus.google.com'),('journal_iv','header_bg_color','F4F4F4','F4F4F4'),('journal_iv','header_bg_image','',''),('journal_iv','header_cart_background_color','515963','515963'),('journal_iv','header_cart_color','FFFFFF','FFFFFF'),('journal_iv','header_cart_content_background_color','FFFFFF','FFFFFF'),('journal_iv','header_cart_content_color','222222','222222'),('journal_iv','header_cart_font','{\"font-family\":\"Helvetica, sans-serif\",\"font-size\":\"14\",\"font-weight\":\"bold\",\"font-style\":\"normal\",\"text-transform\":\"none\"}','{\"font-family\":\"Helvetica, sans-serif\",\"font-size\":\"14\",\"font-weight\":\"bold\",\"font-style\":\"normal\",\"text-transform\":\"none\"}'),('journal_iv','header_cart_icon','a','a'),('journal_iv','header_category_menu_font','{\"font-family\":\"Oswald\",\"font-size\":\"13\",\"font-weight\":\"normal\",\"font-style\":\"normal\",\"text-transform\":\"uppercase\"}','{\"font-family\":\"Oswald\",\"font-size\":\"13\",\"font-weight\":\"normal\",\"font-style\":\"normal\",\"text-transform\":\"uppercase\"}'),('journal_iv','header_dropdown_color','333333','333333'),('journal_iv','header_top_links_font','{\"font-family\":\"Helvetica, sans-serif\",\"font-size\":\"11\",\"font-weight\":\"normal\",\"font-style\":\"normal\",\"text-transform\":\"none\"}','{\"font-family\":\"Helvetica, sans-serif\",\"font-size\":\"11\",\"font-weight\":\"normal\",\"font-style\":\"normal\",\"text-transform\":\"none\"}'),('journal_iv','header_type','yes','yes'),('journal_iv','links_color','5C8BA6','5C8BA6'),('journal_iv','links_hover_color','E74C3C','E74C3C'),('journal_iv','login_link_color','E74C3C','E74C3C'),('journal_iv','login_link_hover_color','5C8BA6','5C8BA6'),('journal_iv','logo_background_color','FFFFFF','FFFFFF'),('journal_iv','main_content_color','FFFFFF','FFFFFF'),('journal_iv','main_font','{\"font-family\":\"Helvetica, sans-serif\",\"font-size\":\"13\",\"font-weight\":\"normal\",\"font-style\":\"normal\",\"text-transform\":\"none\"}','{\"font-family\":\"Helvetica, sans-serif\",\"font-size\":\"13\",\"font-weight\":\"normal\",\"font-style\":\"normal\",\"text-transform\":\"none\"}'),('journal_iv','main_title_background_color','',''),('journal_iv','main_title_color','333333','333333'),('journal_iv','main_titles_font','{\"font-family\":\"Droid Serif\",\"font-size\":\"18\",\"font-weight\":\"normal\",\"font-style\":\"normal\",\"text-transform\":\"uppercase\"}','{\"font-family\":\"Droid Serif\",\"font-size\":\"18\",\"font-weight\":\"normal\",\"font-style\":\"normal\",\"text-transform\":\"uppercase\"}'),('journal_iv','mobile_menu_title','Shop','Shop'),('journal_iv','payment_images','[{\"img\":\"data\\/journal\\/ax.png\",\"name\":{\"1\":\"\"},\"link\":\"\",\"sort_order\":\"\",\"new_window\":\"1\"},{\"img\":\"data\\/journal\\/mc.png\",\"name\":{\"1\":\"\"},\"link\":\"\",\"sort_order\":\"\",\"new_window\":\"1\"},{\"img\":\"data\\/journal\\/maestro.png\",\"name\":{\"1\":\"\"},\"link\":\"\",\"sort_order\":\"\",\"new_window\":\"1\"},{\"img\":\"data\\/journal\\/disc.png\",\"name\":{\"1\":\"\"},\"link\":\"\",\"sort_order\":\"\",\"new_window\":\"1\"},{\"img\":\"data\\/journal\\/pp.png\",\"name\":{\"1\":\"\"},\"link\":\"\",\"sort_order\":\"\",\"new_window\":\"1\"},{\"img\":\"data\\/journal\\/visa.png\",\"name\":{\"1\":\"\"},\"link\":\"\",\"sort_order\":\"\",\"new_window\":\"1\"}]','[{\"img\":\"data\\/journal\\/ax.png\",\"name\":{\"1\":\"\"},\"link\":\"\",\"sort_order\":\"\",\"new_window\":\"1\"},{\"img\":\"data\\/journal\\/mc.png\",\"name\":{\"1\":\"\"},\"link\":\"\",\"sort_order\":\"\",\"new_window\":\"1\"},{\"img\":\"data\\/journal\\/maestro.png\",\"name\":{\"1\":\"\"},\"link\":\"\",\"sort_order\":\"\",\"new_window\":\"1\"},{\"img\":\"data\\/journal\\/disc.png\",\"name\":{\"1\":\"\"},\"link\":\"\",\"sort_order\":\"\",\"new_window\":\"1\"},{\"img\":\"data\\/journal\\/pp.png\",\"name\":{\"1\":\"\"},\"link\":\"\",\"sort_order\":\"\",\"new_window\":\"1\"},{\"img\":\"data\\/journal\\/visa.png\",\"name\":{\"1\":\"\"},\"link\":\"\",\"sort_order\":\"\",\"new_window\":\"1\"}]'),('journal_iv','pinterest_profile','http://www.pinterest.com','http://www.pinterest.com'),('journal_iv','preloader_color','FFFFFF','FFFFFF'),('journal_iv','preloader_image','data/journal/spinner2.gif','data/journal/spinner2.gif'),('journal_iv','preloader_visibility','block','block'),('journal_iv','product_add_cart_background_color','515963','515963'),('journal_iv','product_add_cart_color','FFFFFF','FFFFFF'),('journal_iv','product_add_cart_font','{\"font-family\":\"Oswald\",\"font-size\":\"14\",\"font-weight\":\"normal\",\"font-style\":\"normal\",\"text-transform\":\"uppercase\"}','{\"font-family\":\"Oswald\",\"font-size\":\"14\",\"font-weight\":\"normal\",\"font-style\":\"normal\",\"text-transform\":\"uppercase\"}'),('journal_iv','product_add_cart_hover_background_color','E74C3C','E74C3C'),('journal_iv','product_add_cart_hover_color','FFFFFF','FFFFFF'),('journal_iv','product_hover','none','none'),('journal_iv','product_old_price_background_color','E74C3C','E74C3C'),('journal_iv','product_old_price_color','FFFFFF','FFFFFF'),('journal_iv','product_options_background_color','F4F4F4','F4F4F4'),('journal_iv','product_price_color','222222','222222'),('journal_iv','product_price_font','{\"font-family\":\"Oswald\",\"font-size\":\"22\",\"font-weight\":\"normal\",\"font-style\":\"normal\",\"text-transform\":\"uppercase\"}','{\"font-family\":\"Oswald\",\"font-size\":\"22\",\"font-weight\":\"normal\",\"font-style\":\"normal\",\"text-transform\":\"uppercase\"}'),('journal_iv','product_tabs_background_color','E74C3C','E74C3C'),('journal_iv','product_tabs_color','FFFFFF','FFFFFF'),('journal_iv','product_tabs_content','F4F4F4','F4F4F4'),('journal_iv','product_tabs_font','{\"font-family\":\"Droid Serif\",\"font-size\":\"15\",\"font-weight\":\"normal\",\"font-style\":\"normal\",\"text-transform\":\"uppercase\"}','{\"font-family\":\"Droid Serif\",\"font-size\":\"15\",\"font-weight\":\"normal\",\"font-style\":\"normal\",\"text-transform\":\"uppercase\"}'),('journal_iv','product_tabs_selected_background_color','F4F4F4','F4F4F4'),('journal_iv','push_background_color','FFFFFF','FFFFFF'),('journal_iv','push_color','515963','515963'),('journal_iv','push_select','no','no'),('journal_iv','push_select_font','{\"font-family\":\"Helvetica, sans-serif\",\"font-size\":\"14\",\"font-weight\":\"bold\",\"font-style\":\"normal\",\"text-transform\":\"uppercase\"}','{\"font-family\":\"Helvetica, sans-serif\",\"font-size\":\"14\",\"font-weight\":\"bold\",\"font-style\":\"normal\",\"text-transform\":\"uppercase\"}'),('journal_iv','push_selected_background_color','515963','515963'),('journal_iv','push_selected_color','FFFFFF','FFFFFF'),('journal_iv','refine_subcategories','yes','yes'),('journal_iv','responsive_design','yes','yes'),('journal_iv','sale_product_badge','block','block'),('journal_iv','sale_product_badge_background_color','E74C3C','E74C3C'),('journal_iv','sale_product_badge_color','FFFFFF','FFFFFF'),('journal_iv','sale_product_badge_font','{\"font-family\":\"Helvetica, sans-serif\",\"font-size\":\"14\",\"font-weight\":\"normal\",\"text-transform\":\"none\"}','{\"font-family\":\"Helvetica, sans-serif\",\"font-size\":\"14\",\"font-weight\":\"normal\",\"text-transform\":\"none\"}'),('journal_iv','scroll_top_image','data/journal/back-top2.png','data/journal/back-top2.png'),('journal_iv','scroll_top_img_options','right','right'),('journal_iv','search_background_color','FFFFFF','FFFFFF'),('journal_iv','secondary_title_color','333333','333333'),('journal_iv','secondary_title_font','{\"font-family\":\"Helvetica, sans-serif\",\"font-size\":\"14\",\"font-weight\":\"bold\",\"font-style\":\"normal\",\"text-transform\":\"none\"}','{\"font-family\":\"Helvetica, sans-serif\",\"font-size\":\"14\",\"font-weight\":\"bold\",\"font-style\":\"normal\",\"text-transform\":\"none\"}'),('journal_iv','share_plugin','add','add'),('journal_iv','side_module_background_color','',''),('journal_iv','side_module_font','{\"font-family\":\"Droid Serif\",\"font-size\":\"13\",\"font-weight\":\"normal\",\"font-style\":\"normal\",\"text-transform\":\"none\"}','{\"font-family\":\"Droid Serif\",\"font-size\":\"13\",\"font-weight\":\"normal\",\"font-style\":\"normal\",\"text-transform\":\"none\"}'),('journal_iv','side_module_link_active_color','E74C3C','E74C3C'),('journal_iv','side_module_link_color','333333','333333'),('journal_iv','side_module_link_hover_background_color','F4F4F4','F4F4F4'),('journal_iv','side_module_product_background_color','FFFFFF','FFFFFF'),('journal_iv','side_module_product_border_color','E2E2E2','E2E2E2'),('journal_iv','side_shade_bg_image','',''),('journal_iv','slider_arrows_background_color','',''),('journal_iv','slider_arrows_color','E74C3C','E74C3C'),('journal_iv','slider_arrows_hover_background_color','',''),('journal_iv','slider_arrows_hover_color','E74C3C','E74C3C'),('journal_iv','slider_bar_timer','E74C3C','E74C3C'),('journal_iv','slider_bullets_active_color','E74C3C','E74C3C'),('journal_iv','slider_bullets_color','FFFFFF','FFFFFF'),('journal_iv','slider_caption_background_color','515963','515963'),('journal_iv','slider_caption_color','FFFFFF','FFFFFF'),('journal_iv','slider_caption_font','{\"font-family\":\"Helvetica, sans-serif\",\"font-size\":\"15\",\"font-weight\":\"normal\",\"font-style\":\"normal\",\"text-transform\":\"none\"}','{\"font-family\":\"Helvetica, sans-serif\",\"font-size\":\"15\",\"font-weight\":\"normal\",\"font-style\":\"normal\",\"text-transform\":\"none\"}'),('journal_iv','stepper_input','yes','yes'),('journal_iv','subcategories_background_color','',''),('journal_iv','subcategories_color','222222','222222'),('journal_iv','subcategories_hover_color','5C8BA6','5C8BA6'),('journal_iv','tab_selected_color','333333','333333'),('journal_iv','top_header_bg_color','515963','515963'),('journal_iv','top_links_background_color','F4F4F4','F4F4F4'),('journal_iv','top_links_background_hover_color','FFFFFF','FFFFFF'),('journal_iv','top_links_color','222222','222222'),('journal_iv','top_menu','[]','[]'),('journal_iv','transparent_overlay','none','none'),('journal_iv','transparent_overlay_image','',''),('journal_iv','twitter_profile','http://www.twitter.com','http://www.twitter.com'),('journal_iv','vimeo_profile','http://www.vimeo.com','http://www.vimeo.com'),('journal_iv','welcome_bg_color','F4F4F4','F4F4F4'),('journal_iv','welcome_text','left','left'),('journal_iv','welcome_text_color','222222','222222'),('journal_iv','welcome_text_font','{\"font-family\":\"Helvetica, sans-serif\",\"font-size\":\"14\",\"font-weight\":\"normal\",\"font-style\":\"normal\",\"text-transform\":\"none\"}','{\"font-family\":\"Helvetica, sans-serif\",\"font-size\":\"14\",\"font-weight\":\"normal\",\"font-style\":\"normal\",\"text-transform\":\"none\"}'),('journal_iv','welcome_title_color','222222','222222'),('journal_iv','welcome_title_font','{\"font-family\":\"Droid Serif\",\"font-size\":\"18\",\"font-weight\":\"normal\",\"font-style\":\"normal\",\"text-transform\":\"uppercase\"}','{\"font-family\":\"Droid Serif\",\"font-size\":\"18\",\"font-weight\":\"normal\",\"font-style\":\"normal\",\"text-transform\":\"uppercase\"}'),('journal_iv','youtube_profile','http://www.youtube.com','http://www.youtube.com');
/*!40000 ALTER TABLE `dev_1551_1_journal_cp_theme_settings` ENABLE KEYS */;
UNLOCK TABLES;

--
-- Table structure for table `dev_1551_1_journal_cp_themes`
--

DROP TABLE IF EXISTS `dev_1551_1_journal_cp_themes`;
/*!40101 SET @saved_cs_client     = @@character_set_client */;
/*!40101 SET character_set_client = utf8 */;
CREATE TABLE `dev_1551_1_journal_cp_themes` (
  `theme_id` varchar(64) COLLATE utf8_bin NOT NULL,
  `theme_name` varchar(64) COLLATE utf8_bin NOT NULL,
  `status` enum('1','0') COLLATE utf8_bin NOT NULL DEFAULT '0',
  `active` enum('yes','no') COLLATE utf8_bin NOT NULL DEFAULT 'no',
  `core` enum('1','0') COLLATE utf8_bin NOT NULL DEFAULT '0',
  PRIMARY KEY (`theme_id`)
) ENGINE=InnoDB DEFAULT CHARSET=utf8 COLLATE=utf8_bin;
/*!40101 SET character_set_client = @saved_cs_client */;

--
-- Dumping data for table `dev_1551_1_journal_cp_themes`
--

LOCK TABLES `dev_1551_1_journal_cp_themes` WRITE;
/*!40000 ALTER TABLE `dev_1551_1_journal_cp_themes` DISABLE KEYS */;
INSERT INTO `dev_1551_1_journal_cp_themes` VALUES ('journal_i','Journal I','1','yes','1'),('journal_ii','Journal II','1','no','1'),('journal_iii','Journal III','1','no','1'),('journal_iv','Journal IV','1','no','1');
/*!40000 ALTER TABLE `dev_1551_1_journal_cp_themes` ENABLE KEYS */;
UNLOCK TABLES;
/*!40103 SET TIME_ZONE=@OLD_TIME_ZONE */;

/*!40101 SET SQL_MODE=@OLD_SQL_MODE */;
/*!40014 SET FOREIGN_KEY_CHECKS=@OLD_FOREIGN_KEY_CHECKS */;
/*!40014 SET UNIQUE_CHECKS=@OLD_UNIQUE_CHECKS */;
/*!40101 SET CHARACTER_SET_CLIENT=@OLD_CHARACTER_SET_CLIENT */;
/*!40101 SET CHARACTER_SET_RESULTS=@OLD_CHARACTER_SET_RESULTS */;
/*!40101 SET COLLATION_CONNECTION=@OLD_COLLATION_CONNECTION */;
/*!40111 SET SQL_NOTES=@OLD_SQL_NOTES */;

-- Dump completed on 2013-04-02 22:37:29
